canonical_id,family,family_group,title,aliases,lookup_aliases,evidence_class,confidence_level,reproducibility_status,earliest_reported_at,latest_reported_at,held_out_accuracy,logical_accuracy,macro_f1,final_ce_loss,intervention_effect_on_gold,resume_first_token_accuracy,english_fluency_score,contamination_rate,loop_rate,scratchpad_bleed_rate,surgery_trigger_rate,geometry_retention,final_answer_lift,symbolic_lift,artifact_count,doc_count,git_count,script_paths,dag_paths,artifact_roots,baseline_relation,derived_from,supersedes,notes
phase5.objective.ablate_compositional_consistency_loss,phase5_objective_ablation,phase5_objective_ablation,ablate_compositional_consistency_loss,ablate_compositional_consistency_loss,phase5.objective:ablate_compositional_consistency_loss,artifact,high,runnable,2026-02-22T12:31:47.041824+00:00,2026-02-22T12:31:47.041824+00:00,,,,,,,,,,,,,,,1,0,0,scripts/run_phase5_objective_ablation.py,,src/runs|src/runs/phase5_objective_ablation.json,objective-term ablation,,,
phase5.objective.ablate_compression_regularization_loss,phase5_objective_ablation,phase5_objective_ablation,ablate_compression_regularization_loss,ablate_compression_regularization_loss,phase5.objective:ablate_compression_regularization_loss,artifact,high,runnable,2026-02-22T12:31:47.041824+00:00,2026-02-22T12:31:47.041824+00:00,,,,,,,,,,,,,,,1,0,0,scripts/run_phase5_objective_ablation.py,,src/runs|src/runs/phase5_objective_ablation.json,objective-term ablation,,,
phase5.objective.ablate_coverage_regularization_loss,phase5_objective_ablation,phase5_objective_ablation,ablate_coverage_regularization_loss,ablate_coverage_regularization_loss,phase5.objective:ablate_coverage_regularization_loss,artifact,high,runnable,2026-02-22T12:31:47.041824+00:00,2026-02-22T12:31:47.041824+00:00,,,,,,,,,,,,,,,1,0,0,scripts/run_phase5_objective_ablation.py,,src/runs|src/runs/phase5_objective_ablation.json,objective-term ablation,,,
phase5.objective.ablate_roundtrip_consistency_loss,phase5_objective_ablation,phase5_objective_ablation,ablate_roundtrip_consistency_loss,ablate_roundtrip_consistency_loss,phase5.objective:ablate_roundtrip_consistency_loss,artifact,high,runnable,2026-02-22T12:31:47.041824+00:00,2026-02-22T12:31:47.041824+00:00,,,,,,,,,,,,,,,1,0,0,scripts/run_phase5_objective_ablation.py,,src/runs|src/runs/phase5_objective_ablation.json,objective-term ablation,,,
phase5.objective.ablate_semantic_unambiguity_loss,phase5_objective_ablation,phase5_objective_ablation,ablate_semantic_unambiguity_loss,ablate_semantic_unambiguity_loss,phase5.objective:ablate_semantic_unambiguity_loss,artifact,high,runnable,2026-02-22T12:31:47.041824+00:00,2026-02-22T12:31:47.041824+00:00,,,,,,,,,,,,,,,1,0,0,scripts/run_phase5_objective_ablation.py,,src/runs|src/runs/phase5_objective_ablation.json,objective-term ablation,,,
phase5.objective.baseline_no_phase5,phase5_objective_ablation,phase5_objective_ablation,baseline_no_phase5,baseline_no_phase5,phase5.objective:baseline_no_phase5,artifact,high,runnable,2026-02-22T12:31:47.041824+00:00,2026-02-22T12:31:47.041824+00:00,,,,,,,,,,,,,,,1,0,0,scripts/run_phase5_objective_ablation.py,,src/runs|src/runs/phase5_objective_ablation.json,objective-term ablation,,,
phase5.objective.phase5_full,phase5_objective_ablation,phase5_objective_ablation,phase5_full,phase5_full,phase5.objective:phase5_full,artifact,high,runnable,2026-02-22T12:31:47.041824+00:00,2026-02-22T12:31:47.041824+00:00,,,,,,,,,,,,,,,1,0,0,scripts/run_phase5_objective_ablation.py,,src/runs|src/runs/phase5_objective_ablation.json,objective-term ablation,,,
phase5.train.ablate_compositional_consistency_weight,phase5_train_ablation,phase5_train_ablation,ablate_compositional_consistency_weight,ablate_compositional_consistency_weight,phase5.train:ablate_compositional_consistency_weight,artifact,high,runnable,2026-02-22T16:22:11.484636+00:00,2026-02-22T16:25:41.540528+00:00,,,,,,,,,,,,,,,3,0,0,scripts/run_phase5_train_ablation.py,,src/runs/phase5_train_ablation/20260222_162211|src/runs/phase5_train_ablation/20260222_162211/ablation_manifest.json|src/runs/phase5_train_ablation/20260222_162502|src/runs/phase5_train_ablation/20260222_162502/ablation_manifest.json|src/runs/phase5_train_ablation/20260222_162541|src/runs/phase5_train_ablation/20260222_162541/ablation_manifest.json,phase5 train ablation variant,,,
phase5.train.ablate_compression_regularization_weight,phase5_train_ablation,phase5_train_ablation,ablate_compression_regularization_weight,ablate_compression_regularization_weight,phase5.train:ablate_compression_regularization_weight,artifact,high,runnable,2026-02-22T16:22:11.484636+00:00,2026-02-22T16:25:41.540528+00:00,,,,,,,,,,,,,,,3,0,0,scripts/run_phase5_train_ablation.py,,src/runs/phase5_train_ablation/20260222_162211|src/runs/phase5_train_ablation/20260222_162211/ablation_manifest.json|src/runs/phase5_train_ablation/20260222_162502|src/runs/phase5_train_ablation/20260222_162502/ablation_manifest.json|src/runs/phase5_train_ablation/20260222_162541|src/runs/phase5_train_ablation/20260222_162541/ablation_manifest.json,phase5 train ablation variant,,,
phase5.train.ablate_coverage_regularization_weight,phase5_train_ablation,phase5_train_ablation,ablate_coverage_regularization_weight,ablate_coverage_regularization_weight,phase5.train:ablate_coverage_regularization_weight,artifact,high,runnable,2026-02-22T16:22:11.484636+00:00,2026-02-22T16:25:41.540528+00:00,,,,,,,,,,,,,,,3,0,0,scripts/run_phase5_train_ablation.py,,src/runs/phase5_train_ablation/20260222_162211|src/runs/phase5_train_ablation/20260222_162211/ablation_manifest.json|src/runs/phase5_train_ablation/20260222_162502|src/runs/phase5_train_ablation/20260222_162502/ablation_manifest.json|src/runs/phase5_train_ablation/20260222_162541|src/runs/phase5_train_ablation/20260222_162541/ablation_manifest.json,phase5 train ablation variant,,,
phase5.train.ablate_roundtrip_consistency_weight,phase5_train_ablation,phase5_train_ablation,ablate_roundtrip_consistency_weight,ablate_roundtrip_consistency_weight,phase5.train:ablate_roundtrip_consistency_weight,artifact,high,runnable,2026-02-22T16:22:11.484636+00:00,2026-02-22T16:25:41.540528+00:00,,,,,,,,,,,,,,,3,0,0,scripts/run_phase5_train_ablation.py,,src/runs/phase5_train_ablation/20260222_162211|src/runs/phase5_train_ablation/20260222_162211/ablation_manifest.json|src/runs/phase5_train_ablation/20260222_162502|src/runs/phase5_train_ablation/20260222_162502/ablation_manifest.json|src/runs/phase5_train_ablation/20260222_162541|src/runs/phase5_train_ablation/20260222_162541/ablation_manifest.json,phase5 train ablation variant,,,
phase5.train.ablate_semantic_unambiguity_weight,phase5_train_ablation,phase5_train_ablation,ablate_semantic_unambiguity_weight,ablate_semantic_unambiguity_weight,phase5.train:ablate_semantic_unambiguity_weight,artifact,high,runnable,2026-02-22T16:22:11.484636+00:00,2026-02-22T16:25:41.540528+00:00,,,,,,,,,,,,,,,3,0,0,scripts/run_phase5_train_ablation.py,,src/runs/phase5_train_ablation/20260222_162211|src/runs/phase5_train_ablation/20260222_162211/ablation_manifest.json|src/runs/phase5_train_ablation/20260222_162502|src/runs/phase5_train_ablation/20260222_162502/ablation_manifest.json|src/runs/phase5_train_ablation/20260222_162541|src/runs/phase5_train_ablation/20260222_162541/ablation_manifest.json,phase5 train ablation variant,,,
phase5.train.baseline_no_phase5,phase5_train_ablation,phase5_train_ablation,baseline_no_phase5,baseline_no_phase5,phase5.train:baseline_no_phase5,artifact,high,runnable,2026-02-22T16:22:11.484636+00:00,2026-02-22T16:25:41.540528+00:00,,,,,,,,,,,,,,,3,0,0,scripts/run_phase5_train_ablation.py,,src/runs/phase5_train_ablation/20260222_162211|src/runs/phase5_train_ablation/20260222_162211/ablation_manifest.json|src/runs/phase5_train_ablation/20260222_162502|src/runs/phase5_train_ablation/20260222_162502/ablation_manifest.json|src/runs/phase5_train_ablation/20260222_162541|src/runs/phase5_train_ablation/20260222_162541/ablation_manifest.json,phase5 train ablation variant,,,
phase5.train.phase5_full,phase5_train_ablation,phase5_train_ablation,phase5_full,phase5_full,phase5.train:phase5_full,artifact,high,runnable,2026-02-22T16:22:11.484636+00:00,2026-02-22T16:25:41.540528+00:00,,,,,,,,,,,,,,,3,0,0,scripts/run_phase5_train_ablation.py,,src/runs/phase5_train_ablation/20260222_162211|src/runs/phase5_train_ablation/20260222_162211/ablation_manifest.json|src/runs/phase5_train_ablation/20260222_162502|src/runs/phase5_train_ablation/20260222_162502/ablation_manifest.json|src/runs/phase5_train_ablation/20260222_162541|src/runs/phase5_train_ablation/20260222_162541/ablation_manifest.json,phase5 train ablation variant,,,
h.series.h3,h_series_artifact,h_series,SwiGLU Mid-Layer Bridge (Non-Linear Alignment),H3,h:H3,artifact,high,artifact_only,2026-02-28T19:22:02.110455+00:00,2026-02-28T19:22:02.110455+00:00,0.0,,,,,,,,,,,0.9340984901516802,-0.16666666666666666,,1,0,0,D:/lojbanhypop/scripts/true_coconut.py,,runs/h_series/20260228_190640|runs/h_series/20260228_190640/run_h_series.json,h-series family row,,,
h.series.h5_dptr,h_series_artifact,h_series,Dynamic Pointer Refactor Eval,H5-DPTR,h:H5-DPTR,artifact,high,artifact_only,2026-03-03T17:53:41.379593+00:00,2026-03-03T18:03:40.957697+00:00,0.25,,,,,,,,,,,,,,4,0,0,D:/lojbanhypop/scripts/eval_h5_dynamic_pointer_refactor.py,,runs/h_series/20260303_175314|runs/h_series/20260303_175314/run_h_series.json|runs/true_coconut_h_series/20260303_175314/h5-dptr.json|runs/h_series/20260303_175413|runs/h_series/20260303_175413/run_h_series.json|runs/true_coconut_h_series/20260303_175413/h5-dptr.json|runs/h_series/20260303_175526|runs/h_series/20260303_175526/run_h_series.json|runs/true_coconut_h_series/20260303_175526/h5-dptr.json|runs/h_series/20260303_180224|runs/h_series/20260303_180224/run_h_series.json|runs/true_coconut_h_series/20260303_180224/h5-dptr.json,h-series family row,,,
h.series.h5_ood,h_series_artifact,h_series,OOD Stress Test,H5-OOD,h:H5-OOD,artifact,high,artifact_only,2026-03-03T17:53:41.379593+00:00,2026-03-03T18:03:40.957697+00:00,0.75,,,,,,,,,,,,,,4,0,0,D:/lojbanhypop/scripts/eval_h5_ood_stress.py,,runs/h_series/20260303_175314|runs/h_series/20260303_175314/run_h_series.json|runs/true_coconut_h_series/20260303_175314/h5-ood.json|runs/h_series/20260303_175413|runs/h_series/20260303_175413/run_h_series.json|runs/true_coconut_h_series/20260303_175413/h5-ood.json|runs/h_series/20260303_175526|runs/h_series/20260303_175526/run_h_series.json|runs/true_coconut_h_series/20260303_175526/h5-ood.json|runs/h_series/20260303_180224|runs/h_series/20260303_180224/run_h_series.json|runs/true_coconut_h_series/20260303_180224/h5-ood.json,h-series family row,,,
h.series.h5_prov,h_series_artifact,h_series,Provenance Trace,H5-PROV,h:H5-PROV,artifact,high,artifact_only,2026-03-03T17:53:41.379593+00:00,2026-03-03T18:03:40.957697+00:00,,,,,,,,,,,,0.0024999999441206455,,,4,0,0,D:/lojbanhypop/scripts/trace_h5_provenance.py,,runs/h_series/20260303_175314|runs/h_series/20260303_175314/run_h_series.json|runs/true_coconut_h_series/20260303_175314/h5-prov.json|runs/h_series/20260303_175413|runs/h_series/20260303_175413/run_h_series.json|runs/true_coconut_h_series/20260303_175413/h5-prov.json|runs/h_series/20260303_175526|runs/h_series/20260303_175526/run_h_series.json|runs/true_coconut_h_series/20260303_175526/h5-prov.json|runs/h_series/20260303_180224|runs/h_series/20260303_180224/run_h_series.json|runs/true_coconut_h_series/20260303_180224/h5-prov.json,h-series family row,,,
j.series.j_1,j_series,j_series,Graph Target (Factor Schema),J-1,j:J-1,artifact,high,runnable,2026-03-04T00:19:43.821927+00:00,2026-03-11T01:06:45.422573+00:00,,,,,,,,,,,1.0,,,,9,0,0,D:/lojbanhypop/scripts/eval_j_1.py,,runs/j_series/20260304_001943|runs/j_series/20260304_001943/run_h_series.json|runs/true_coconut_h_series/20260304_001943/j-1.json|runs/j_series/20260304_002346|runs/j_series/20260304_002346/run_h_series.json|runs/true_coconut_h_series/20260304_002346/j-1.json|runs/j_series/20260304_002412|runs/j_series/20260304_002412/run_h_series.json|runs/true_coconut_h_series/20260304_002412/j-1.json|runs/j_series/20260304_174524|runs/j_series/20260304_174524/run_h_series.json|runs/j_series/20260304_174524/j-1.json|runs/j_series/20260304_175527|runs/j_series/20260304_175527/run_h_series.json|runs/j_series/20260304_175527/j-1.json|runs/j_series/test_run_true_coconut_10d645c8b5c94c4a9b9289f89b830d84/20260311_010645|runs/j_series/test_run_true_coconut_10d645c8b5c94c4a9b9289f89b830d84/20260311_010645/run_h_series.json|runs/j_series/test_run_true_coconut_10d645c8b5c94c4a9b9289f89b830d84/20260311_010645/j-1.json|runs/j_series/test_run_true_coconut_49dfa97171024810bb9fb45dc6d2e3b7/20260310_215112|runs/j_series/test_run_true_coconut_49dfa97171024810bb9fb45dc6d2e3b7/20260310_215112/run_h_series.json|runs/j_series/test_run_true_coconut_49dfa97171024810bb9fb45dc6d2e3b7/20260310_215112/j-1.json|runs/j_series/test_run_true_coconut_65adf38fe3764e019572cf82202987b1/20260310_220925|runs/j_series/test_run_true_coconut_65adf38fe3764e019572cf82202987b1/20260310_220925/run_h_series.json|runs/j_series/test_run_true_coconut_65adf38fe3764e019572cf82202987b1/20260310_220925/j-1.json|runs/j_series/test_run_true_coconut_f397a2bba1b34a4b8cfcf08617f3bf3e/20260310_214010|runs/j_series/test_run_true_coconut_f397a2bba1b34a4b8cfcf08617f3bf3e/20260310_214010/run_h_series.json|runs/j_series/test_run_true_coconut_f397a2bba1b34a4b8cfcf08617f3bf3e/20260310_214010/j-1.json,j-series row,,,
j.series.j_2,j_series,j_series,Paraphrase Explosion (Invariance),J-2,j:J-2,artifact,high,runnable,2026-03-04T00:19:43.821927+00:00,2026-03-11T01:06:45.422573+00:00,,,,,,,,,,,,,,,9,0,0,D:/lojbanhypop/scripts/eval_j_2.py,,runs/j_series/20260304_001943|runs/j_series/20260304_001943/run_h_series.json|runs/true_coconut_h_series/20260304_001943/j-2.json|runs/j_series/20260304_002346|runs/j_series/20260304_002346/run_h_series.json|runs/true_coconut_h_series/20260304_002346/j-2.json|runs/j_series/20260304_002412|runs/j_series/20260304_002412/run_h_series.json|runs/true_coconut_h_series/20260304_002412/j-2.json|runs/j_series/20260304_174524|runs/j_series/20260304_174524/run_h_series.json|runs/j_series/20260304_174524/j-2.json|runs/j_series/20260304_175527|runs/j_series/20260304_175527/run_h_series.json|runs/j_series/20260304_175527/j-2.json|runs/j_series/test_run_true_coconut_10d645c8b5c94c4a9b9289f89b830d84/20260311_010645|runs/j_series/test_run_true_coconut_10d645c8b5c94c4a9b9289f89b830d84/20260311_010645/run_h_series.json|runs/j_series/test_run_true_coconut_10d645c8b5c94c4a9b9289f89b830d84/20260311_010645/j-2.json|runs/j_series/test_run_true_coconut_49dfa97171024810bb9fb45dc6d2e3b7/20260310_215112|runs/j_series/test_run_true_coconut_49dfa97171024810bb9fb45dc6d2e3b7/20260310_215112/run_h_series.json|runs/j_series/test_run_true_coconut_49dfa97171024810bb9fb45dc6d2e3b7/20260310_215112/j-2.json|runs/j_series/test_run_true_coconut_65adf38fe3764e019572cf82202987b1/20260310_220925|runs/j_series/test_run_true_coconut_65adf38fe3764e019572cf82202987b1/20260310_220925/run_h_series.json|runs/j_series/test_run_true_coconut_65adf38fe3764e019572cf82202987b1/20260310_220925/j-2.json|runs/j_series/test_run_true_coconut_f397a2bba1b34a4b8cfcf08617f3bf3e/20260310_214010|runs/j_series/test_run_true_coconut_f397a2bba1b34a4b8cfcf08617f3bf3e/20260310_214010/run_h_series.json|runs/j_series/test_run_true_coconut_f397a2bba1b34a4b8cfcf08617f3bf3e/20260310_214010/j-2.json,j-series row,,,
j.series.j_3,j_series,j_series,Stop-Grad Isolation Gate,J-3,j:J-3,artifact,high,runnable,2026-03-04T00:19:43.821927+00:00,2026-03-04T17:55:41.539906+00:00,,,,,,,,,,,1.0,,,,5,0,0,D:/lojbanhypop/scripts/eval_j_3.py|D:/lojbanhypop/scripts/train_h5_persistent_vq_advisor.py,,runs/j_series/20260304_001943|runs/j_series/20260304_001943/run_h_series.json|runs/true_coconut_h_series/20260304_001943/j-3.json|runs/j_series/20260304_002346|runs/j_series/20260304_002346/run_h_series.json|runs/true_coconut_h_series/20260304_002346/j-3.json|runs/j_series/20260304_002412|runs/j_series/20260304_002412/run_h_series.json|runs/true_coconut_h_series/20260304_002412/j-3.json|runs/j_series/20260304_174524|runs/j_series/20260304_174524/run_h_series.json|runs/j_series/20260304_174524/j-3.json|runs/j_series/20260304_175527|runs/j_series/20260304_175527/run_h_series.json|runs/j_series/20260304_175527/j-3.json,j-series row,,,
j.series.j_4,j_series,j_series,Operator Curriculum Build,J-4,j:J-4,artifact,high,runnable,2026-03-04T00:19:43.821927+00:00,2026-03-11T01:06:45.457026+00:00,,,,,,,,,,,,,,,10,0,0,D:/lojbanhypop/scripts/eval_j_4.py,,runs/j_series/20260304_001943|runs/j_series/20260304_001943/run_h_series.json|runs/true_coconut_h_series/20260304_001943/j-4.json|runs/true_coconut_h_series/20260304_001943/j-4_curriculum.jsonl|runs/j_series/20260304_002346|runs/j_series/20260304_002346/run_h_series.json|runs/true_coconut_h_series/20260304_002346/j-4.json|runs/true_coconut_h_series/20260304_002346/j-4_curriculum.jsonl|runs/j_series/20260304_002412|runs/j_series/20260304_002412/run_h_series.json|runs/true_coconut_h_series/20260304_002412/j-4.json|runs/true_coconut_h_series/20260304_002412/j-4_curriculum.jsonl|runs/j_series/20260304_050706|runs/j_series/20260304_050706/run_h_series.json|runs/j_series/20260304_050706/j-4.json|runs/j_series/20260304_050706/j-4_curriculum.jsonl|runs/j_series/20260304_174524|runs/j_series/20260304_174524/run_h_series.json|runs/j_series/20260304_174524/j-4.json|runs/j_series/20260304_174524/j-4_curriculum.jsonl|runs/j_series/20260304_175527|runs/j_series/20260304_175527/run_h_series.json|runs/j_series/20260304_175527/j-4.json|runs/j_series/20260304_175527/j-4_curriculum.jsonl|runs/j_series/test_run_true_coconut_8a672829b620413eb8dff3496eed6488/20260311_010645|runs/j_series/test_run_true_coconut_8a672829b620413eb8dff3496eed6488/20260311_010645/run_h_series.json|runs/j_series/test_run_true_coconut_8a672829b620413eb8dff3496eed6488/20260311_010645/j-4.json|runs/j_series/test_run_true_coconut_8a672829b620413eb8dff3496eed6488/20260311_010645/j-4_curriculum.jsonl|runs/j_series/test_run_true_coconut_93bead4d63ba497b953c589fc93fc338/20260310_215112|runs/j_series/test_run_true_coconut_93bead4d63ba497b953c589fc93fc338/20260310_215112/run_h_series.json|runs/j_series/test_run_true_coconut_93bead4d63ba497b953c589fc93fc338/20260310_215112/j-4.json|runs/j_series/test_run_true_coconut_93bead4d63ba497b953c589fc93fc338/20260310_215112/j-4_curriculum.jsonl|runs/j_series/test_run_true_coconut_c17b211860b14730ab527a232fd598b6/20260310_220925|runs/j_series/test_run_true_coconut_c17b211860b14730ab527a232fd598b6/20260310_220925/run_h_series.json|runs/j_series/test_run_true_coconut_c17b211860b14730ab527a232fd598b6/20260310_220925/j-4.json|runs/j_series/test_run_true_coconut_c17b211860b14730ab527a232fd598b6/20260310_220925/j-4_curriculum.jsonl|runs/j_series/test_run_true_coconut_dcba83106ed842388b77178c86004eca/20260310_214010|runs/j_series/test_run_true_coconut_dcba83106ed842388b77178c86004eca/20260310_214010/run_h_series.json|runs/j_series/test_run_true_coconut_dcba83106ed842388b77178c86004eca/20260310_214010/j-4.json|runs/j_series/test_run_true_coconut_dcba83106ed842388b77178c86004eca/20260310_214010/j-4_curriculum.jsonl,j-series row,,,
j.series.j_5,j_series,j_series,Adversarial Synthesis (Scope/Foil),J-5,j:J-5,artifact,high,runnable,2026-03-04T17:45:36.085141+00:00,2026-03-04T17:55:41.539906+00:00,,,,,,,,,,,1.0,,,,2,0,0,D:/lojbanhypop/scripts/eval_j_5.py,,runs/j_series/20260304_174524|runs/j_series/20260304_174524/run_h_series.json|runs/j_series/20260304_174524/j-5.json|runs/j_series/20260304_174524/j-5_adversarial.jsonl|runs/j_series/20260304_175527|runs/j_series/20260304_175527/run_h_series.json|runs/j_series/20260304_175527/j-5.json|runs/j_series/20260304_175527/j-5_adversarial.jsonl,j-series row,,,
m.track.m3.m3_0,m_telemetry,m_track,Baseline Gate Run (L6-C + curriculum),M3.0,M3+:M3.0,artifact,high,artifact_only,2026-03-04T22:29:41.475989+00:00,2026-03-05T17:54:53.723051+00:00,,,,,,,,,,,,,,,5,0,0,,,artifacts/runs/telemetry/raw/ablation/hypercube/m3_plus_20260304_220300|artifacts/runs/telemetry/raw/ablation/hypercube/m3_plus_20260304_220300/m3_plus_report.json|runs/l_series/m3_plus/20260304_220300/m3_0/20260304_220308/l_series_summary.json|artifacts/runs/telemetry/raw/ablation/hypercube/m3_plus_nary/manual_20260305/m3_plus_20260305_141856|artifacts/runs/telemetry/raw/ablation/hypercube/m3_plus_nary/manual_20260305/m3_plus_20260305_141856/m3_plus_report.json|artifacts/runs/telemetry/raw/ablation/hypercube/m3_plus_nary/manual_20260305/m3_plus_20260305_141913|artifacts/runs/telemetry/raw/ablation/hypercube/m3_plus_nary/manual_20260305/m3_plus_20260305_141913/m3_plus_report.json|artifacts/runs/telemetry/raw/ablation/hypercube/m3_plus_nary/manual_20260305/m3_plus_20260305_141934|artifacts/runs/telemetry/raw/ablation/hypercube/m3_plus_nary/manual_20260305/m3_plus_20260305_141934/m3_plus_report.json|runs/l_series/m3_plus_nary/20260305_141934/m3_0/20260305_141940/l_series_summary.json|artifacts/runs/telemetry/raw/ablation/hypercube/m3_plus/manual_20260305/m3_plus_20260305_172403|artifacts/runs/telemetry/raw/ablation/hypercube/m3_plus/manual_20260305/m3_plus_20260305_172403/m3_plus_report.json|runs/l_series/m3_plus/20260305_172403/m3_0/20260305_172410/l_series_summary.json,M3+ row,,,
m.track.m3.m3_1,m_telemetry,m_track,Binding Bootcamp (unbound focus),M3.1,M3+:M3.1,artifact,high,artifact_only,2026-03-04T22:29:41.475989+00:00,2026-03-05T17:54:53.723051+00:00,,,,,,,,,,,,,,,5,0,0,,,artifacts/runs/telemetry/raw/ablation/hypercube/m3_plus_20260304_220300|artifacts/runs/telemetry/raw/ablation/hypercube/m3_plus_20260304_220300/m3_plus_report.json|runs/l_series/m3_plus/20260304_220300/m3_1/20260304_220830/l_series_summary.json|artifacts/runs/telemetry/raw/ablation/hypercube/m3_plus_nary/manual_20260305/m3_plus_20260305_141856|artifacts/runs/telemetry/raw/ablation/hypercube/m3_plus_nary/manual_20260305/m3_plus_20260305_141856/m3_plus_report.json|artifacts/runs/telemetry/raw/ablation/hypercube/m3_plus_nary/manual_20260305/m3_plus_20260305_141913|artifacts/runs/telemetry/raw/ablation/hypercube/m3_plus_nary/manual_20260305/m3_plus_20260305_141913/m3_plus_report.json|artifacts/runs/telemetry/raw/ablation/hypercube/m3_plus_nary/manual_20260305/m3_plus_20260305_141934|artifacts/runs/telemetry/raw/ablation/hypercube/m3_plus_nary/manual_20260305/m3_plus_20260305_141934/m3_plus_report.json|runs/l_series/m3_plus_nary/20260305_141934/m3_1/20260305_142449/l_series_summary.json|artifacts/runs/telemetry/raw/ablation/hypercube/m3_plus/manual_20260305/m3_plus_20260305_172403|artifacts/runs/telemetry/raw/ablation/hypercube/m3_plus/manual_20260305/m3_plus_20260305_172403/m3_plus_report.json|runs/l_series/m3_plus/20260305_172403/m3_1/20260305_173019/l_series_summary.json,M3+ row,,,
m.track.m3.m3_2,m_telemetry,m_track,Depth Ramp (1->4 curriculum pressure),M3.2,M3+:M3.2,artifact,high,artifact_only,2026-03-04T22:29:41.475989+00:00,2026-03-05T17:54:53.723051+00:00,,,,,,,,,,,,,,,5,0,0,,,artifacts/runs/telemetry/raw/ablation/hypercube/m3_plus_20260304_220300|artifacts/runs/telemetry/raw/ablation/hypercube/m3_plus_20260304_220300/m3_plus_report.json|runs/l_series/m3_plus/20260304_220300/m3_2/20260304_221344/l_series_summary.json|artifacts/runs/telemetry/raw/ablation/hypercube/m3_plus_nary/manual_20260305/m3_plus_20260305_141856|artifacts/runs/telemetry/raw/ablation/hypercube/m3_plus_nary/manual_20260305/m3_plus_20260305_141856/m3_plus_report.json|artifacts/runs/telemetry/raw/ablation/hypercube/m3_plus_nary/manual_20260305/m3_plus_20260305_141913|artifacts/runs/telemetry/raw/ablation/hypercube/m3_plus_nary/manual_20260305/m3_plus_20260305_141913/m3_plus_report.json|artifacts/runs/telemetry/raw/ablation/hypercube/m3_plus_nary/manual_20260305/m3_plus_20260305_141934|artifacts/runs/telemetry/raw/ablation/hypercube/m3_plus_nary/manual_20260305/m3_plus_20260305_141934/m3_plus_report.json|runs/l_series/m3_plus_nary/20260305_141934/m3_2/20260305_142952/l_series_summary.json|artifacts/runs/telemetry/raw/ablation/hypercube/m3_plus/manual_20260305/m3_plus_20260305_172403|artifacts/runs/telemetry/raw/ablation/hypercube/m3_plus/manual_20260305/m3_plus_20260305_172403/m3_plus_report.json|runs/l_series/m3_plus/20260305_172403/m3_2/20260305_173624/l_series_summary.json,M3+ row,,,
m.track.m3.m3_3,m_telemetry,m_track,Truth Discrimination (foil-sensitive tier B),M3.3,M3+:M3.3,artifact,high,artifact_only,2026-03-04T22:29:41.475989+00:00,2026-03-05T17:54:53.723051+00:00,,,,,,,,,,,,,,,5,0,0,,,artifacts/runs/telemetry/raw/ablation/hypercube/m3_plus_20260304_220300|artifacts/runs/telemetry/raw/ablation/hypercube/m3_plus_20260304_220300/m3_plus_report.json|runs/l_series/m3_plus/20260304_220300/m3_3/20260304_221900/l_series_summary.json|artifacts/runs/telemetry/raw/ablation/hypercube/m3_plus_nary/manual_20260305/m3_plus_20260305_141856|artifacts/runs/telemetry/raw/ablation/hypercube/m3_plus_nary/manual_20260305/m3_plus_20260305_141856/m3_plus_report.json|artifacts/runs/telemetry/raw/ablation/hypercube/m3_plus_nary/manual_20260305/m3_plus_20260305_141913|artifacts/runs/telemetry/raw/ablation/hypercube/m3_plus_nary/manual_20260305/m3_plus_20260305_141913/m3_plus_report.json|artifacts/runs/telemetry/raw/ablation/hypercube/m3_plus_nary/manual_20260305/m3_plus_20260305_141934|artifacts/runs/telemetry/raw/ablation/hypercube/m3_plus_nary/manual_20260305/m3_plus_20260305_141934/m3_plus_report.json|runs/l_series/m3_plus_nary/20260305_141934/m3_3/20260305_143503/l_series_summary.json|artifacts/runs/telemetry/raw/ablation/hypercube/m3_plus/manual_20260305/m3_plus_20260305_172403|artifacts/runs/telemetry/raw/ablation/hypercube/m3_plus/manual_20260305/m3_plus_20260305_172403/m3_plus_report.json|runs/l_series/m3_plus/20260305_172403/m3_3/20260305_174237/l_series_summary.json,M3+ row,,,
m.track.m3.m3_4,m_telemetry,m_track,Compression Activation (tier C pressure),M3.4,M3+:M3.4,artifact,high,artifact_only,2026-03-04T22:29:41.475989+00:00,2026-03-05T17:54:53.723051+00:00,,,,,,,,,,,,,,,5,0,0,,,artifacts/runs/telemetry/raw/ablation/hypercube/m3_plus_20260304_220300|artifacts/runs/telemetry/raw/ablation/hypercube/m3_plus_20260304_220300/m3_plus_report.json|runs/l_series/m3_plus/20260304_220300/m3_4/20260304_222423/l_series_summary.json|artifacts/runs/telemetry/raw/ablation/hypercube/m3_plus_nary/manual_20260305/m3_plus_20260305_141856|artifacts/runs/telemetry/raw/ablation/hypercube/m3_plus_nary/manual_20260305/m3_plus_20260305_141856/m3_plus_report.json|artifacts/runs/telemetry/raw/ablation/hypercube/m3_plus_nary/manual_20260305/m3_plus_20260305_141913|artifacts/runs/telemetry/raw/ablation/hypercube/m3_plus_nary/manual_20260305/m3_plus_20260305_141913/m3_plus_report.json|artifacts/runs/telemetry/raw/ablation/hypercube/m3_plus_nary/manual_20260305/m3_plus_20260305_141934|artifacts/runs/telemetry/raw/ablation/hypercube/m3_plus_nary/manual_20260305/m3_plus_20260305_141934/m3_plus_report.json|runs/l_series/m3_plus_nary/20260305_141934/m3_4/20260305_144012/l_series_summary.json|artifacts/runs/telemetry/raw/ablation/hypercube/m3_plus/manual_20260305/m3_plus_20260305_172403|artifacts/runs/telemetry/raw/ablation/hypercube/m3_plus/manual_20260305/m3_plus_20260305_172403/m3_plus_report.json|runs/l_series/m3_plus/20260305_172403/m3_4/20260305_174846/l_series_summary.json,M3+ row,,,
a_to_g.a,a_to_g_matrix,a_to_g_matrix,Control (English CoT -> English),A|A-G/A,a_to_g:A,artifact,high,artifact_only,2026-03-05T05:06:22.860105+00:00,2026-03-05T20:51:25.484185+00:00,0.16666666666666666,0.0,,,,,,,,,,,,,2,0,0,scripts/run_coconut_ablation_matrix.py,airflow/dags/lojban_ablation_matrix_dag.py,runs/ablation/a_to_g/20260305_033123|runs/ablation/a_to_g/20260305_033123/ablation_matrix.json|runs/ablation/a_to_g/20260305_190131|runs/ablation/a_to_g/20260305_190131/ablation_matrix.json,a-to-g matrix cell,,,
a_to_g.b_1,a_to_g_matrix,a_to_g_matrix,Legacy Text-to-Text (No Handoff),B.1|A-G/B.1,a_to_g:B.1,artifact,high,artifact_only,2026-03-05T05:06:22.860105+00:00,2026-03-05T20:51:25.484185+00:00,0.4375,0.3958333333333333,,,,,,,,,,,0.27083333333333337,0.3958333333333333,2,0,0,scripts/run_coconut_ablation_matrix.py,airflow/dags/lojban_ablation_matrix_dag.py,runs/ablation/a_to_g/20260305_033123|runs/ablation/a_to_g/20260305_033123/ablation_matrix.json|runs/ablation/a_to_g/20260305_190131|runs/ablation/a_to_g/20260305_190131/ablation_matrix.json,a-to-g matrix cell,,,
a_to_g.b_2,a_to_g_matrix,a_to_g_matrix,Enhanced Constraint Text-to-Text (No Handoff),B.2|A-G/B.2,a_to_g:B.2,artifact,high,artifact_only,2026-03-05T05:06:22.860105+00:00,2026-03-05T20:51:25.484185+00:00,0.0,0.39583333333333337,,,,,,,,,,,-0.16666666666666666,0.39583333333333337,2,0,0,scripts/run_coconut_ablation_matrix.py,airflow/dags/lojban_ablation_matrix_dag.py,runs/ablation/a_to_g/20260305_033123|runs/ablation/a_to_g/20260305_033123/ablation_matrix.json|runs/ablation/a_to_g/20260305_190131|runs/ablation/a_to_g/20260305_190131/ablation_matrix.json,a-to-g matrix cell,,,
a_to_g.c,a_to_g_matrix,a_to_g_matrix,Coconut Fusion (Latent KV Handoff),C|A-G/C,a_to_g:C,artifact,high,artifact_only,2026-03-05T05:06:22.860105+00:00,2026-03-05T20:51:25.484185+00:00,0.0,0.041666666666666664,,,,,,,,,,,-0.16666666666666666,0.041666666666666664,2,0,0,scripts/run_coconut_ablation_matrix.py,airflow/dags/lojban_ablation_matrix_dag.py,runs/ablation/a_to_g/20260305_033123|runs/ablation/a_to_g/20260305_033123/ablation_matrix.json|runs/ablation/a_to_g/20260305_190131|runs/ablation/a_to_g/20260305_190131/ablation_matrix.json,a-to-g matrix cell,,,
a_to_g.d,a_to_g_matrix,a_to_g_matrix,NoPE Fusion (DroPE + latent handoff),D|A-G/D,a_to_g:D,artifact,high,artifact_only,2026-03-05T05:06:22.860105+00:00,2026-03-05T20:51:25.484185+00:00,0.0,,,,,,,,,,,,0.0,,2,0,0,scripts/run_coconut_ablation_matrix.py,airflow/dags/lojban_ablation_matrix_dag.py,runs/ablation/a_to_g/20260305_033123|runs/ablation/a_to_g/20260305_033123/ablation_matrix.json|runs/ablation/a_to_g/20260305_190131|runs/ablation/a_to_g/20260305_190131/ablation_matrix.json,a-to-g matrix cell,,,
m.track.m3_5.m3_5_a,m_telemetry,m_track,Asymmetric Baseline (forced non-commutativity),M3.5.A,M3.5:M3.5.A,artifact,high,artifact_only,2026-03-05T18:13:41.574099+00:00,2026-03-05T18:32:10.939233+00:00,,,,,,,,,,,,,,,2,0,0,,,artifacts/runs/telemetry/raw/ablation/hypercube/m3_5_symmetry/manual_20260305/m3_5_symmetry_20260305_175506|artifacts/runs/telemetry/raw/ablation/hypercube/m3_5_symmetry/manual_20260305/m3_5_symmetry_20260305_175506/m3_5_symmetry_report.json|runs/l_series/m3_5_symmetry/20260305_175506/m3_5_a/20260305_175513/l_series_summary.json|artifacts/runs/telemetry/raw/ablation/hypercube/m3_5_symmetry/manual_20260305/m3_5_symmetry_20260305_181349|artifacts/runs/telemetry/raw/ablation/hypercube/m3_5_symmetry/manual_20260305/m3_5_symmetry_20260305_181349/m3_5_symmetry_report.json|runs/l_series/m3_5_symmetry/20260305_181349/m3_5_a/20260305_181357/l_series_summary.json,M3.5 row,,,
m.track.m3_5.m3_5_b,m_telemetry,m_track,Symmetry-aware crucible (invariant vs foil),M3.5.B,M3.5:M3.5.B,artifact,high,artifact_only,2026-03-05T18:13:41.574099+00:00,2026-03-05T18:32:10.939233+00:00,,,,,,,,,,,,,,,2,0,0,,,artifacts/runs/telemetry/raw/ablation/hypercube/m3_5_symmetry/manual_20260305/m3_5_symmetry_20260305_175506|artifacts/runs/telemetry/raw/ablation/hypercube/m3_5_symmetry/manual_20260305/m3_5_symmetry_20260305_175506/m3_5_symmetry_report.json|runs/l_series/m3_5_symmetry/20260305_175506/m3_5_b/20260305_180132/l_series_summary.json|artifacts/runs/telemetry/raw/ablation/hypercube/m3_5_symmetry/manual_20260305/m3_5_symmetry_20260305_181349|artifacts/runs/telemetry/raw/ablation/hypercube/m3_5_symmetry/manual_20260305/m3_5_symmetry_20260305_181349/m3_5_symmetry_report.json|runs/l_series/m3_5_symmetry/20260305_181349/m3_5_b/20260305_182013/l_series_summary.json,M3.5 row,,,
m.track.m3_5.m3_5_c,m_telemetry,m_track,Ablated anchor (swap-test disabled),M3.5.C,M3.5:M3.5.C,artifact,high,artifact_only,2026-03-05T18:13:41.574099+00:00,2026-03-05T18:32:10.939233+00:00,,,,,,,,,,,,,,,2,0,0,,,artifacts/runs/telemetry/raw/ablation/hypercube/m3_5_symmetry/manual_20260305/m3_5_symmetry_20260305_175506|artifacts/runs/telemetry/raw/ablation/hypercube/m3_5_symmetry/manual_20260305/m3_5_symmetry_20260305_175506/m3_5_symmetry_report.json|runs/l_series/m3_5_symmetry/20260305_175506/m3_5_c/20260305_180756/l_series_summary.json|artifacts/runs/telemetry/raw/ablation/hypercube/m3_5_symmetry/manual_20260305/m3_5_symmetry_20260305_181349|artifacts/runs/telemetry/raw/ablation/hypercube/m3_5_symmetry/manual_20260305/m3_5_symmetry_20260305_181349/m3_5_symmetry_report.json|runs/l_series/m3_5_symmetry/20260305_181349/m3_5_c/20260305_182618/l_series_summary.json,M3.5 row,,,
m.track.m4.m3_0,m_telemetry,m_track,Baseline Gate Run (L6-C + curriculum),M3.0,M4:M3.0,artifact,high,artifact_only,2026-03-05T19:01:16.437268+00:00,2026-03-05T19:01:16.437268+00:00,,,,,,,,,,,,,,,1,0,0,,,artifacts/runs/telemetry/raw/ablation/hypercube/m4/manual_20260305/manual_20260305_181349/m3_plus_20260305_183211|artifacts/runs/telemetry/raw/ablation/hypercube/m4/manual_20260305/manual_20260305_181349/m3_plus_20260305_183211/m3_plus_report.json|runs/l_series/m4/20260305_183211/m3_0/20260305_183217/l_series_summary.json,M4 row,,,
m.track.m4.m3_1,m_telemetry,m_track,Binding Bootcamp (unbound focus),M3.1,M4:M3.1,artifact,high,artifact_only,2026-03-05T19:01:16.437268+00:00,2026-03-05T19:01:16.437268+00:00,,,,,,,,,,,,,,,1,0,0,,,artifacts/runs/telemetry/raw/ablation/hypercube/m4/manual_20260305/manual_20260305_181349/m3_plus_20260305_183211|artifacts/runs/telemetry/raw/ablation/hypercube/m4/manual_20260305/manual_20260305_181349/m3_plus_20260305_183211/m3_plus_report.json|runs/l_series/m4/20260305_183211/m3_1/20260305_183747/l_series_summary.json,M4 row,,,
m.track.m4.m3_2,m_telemetry,m_track,Depth Ramp (1->4 curriculum pressure),M3.2,M4:M3.2,artifact,high,artifact_only,2026-03-05T19:01:16.437268+00:00,2026-03-05T19:01:16.437268+00:00,,,,,,,,,,,,,,,1,0,0,,,artifacts/runs/telemetry/raw/ablation/hypercube/m4/manual_20260305/manual_20260305_181349/m3_plus_20260305_183211|artifacts/runs/telemetry/raw/ablation/hypercube/m4/manual_20260305/manual_20260305_181349/m3_plus_20260305_183211/m3_plus_report.json|runs/l_series/m4/20260305_183211/m3_2/20260305_184315/l_series_summary.json,M4 row,,,
m.track.m4.m3_3,m_telemetry,m_track,Truth Discrimination (foil-sensitive tier B),M3.3,M4:M3.3,artifact,high,artifact_only,2026-03-05T19:01:16.437268+00:00,2026-03-05T19:01:16.437268+00:00,,,,,,,,,,,,,,,1,0,0,,,artifacts/runs/telemetry/raw/ablation/hypercube/m4/manual_20260305/manual_20260305_181349/m3_plus_20260305_183211|artifacts/runs/telemetry/raw/ablation/hypercube/m4/manual_20260305/manual_20260305_181349/m3_plus_20260305_183211/m3_plus_report.json|runs/l_series/m4/20260305_183211/m3_3/20260305_184850/l_series_summary.json,M4 row,,,
m.track.m4.m3_4,m_telemetry,m_track,Compression Activation (tier C pressure),M3.4,M4:M3.4,artifact,high,artifact_only,2026-03-05T19:01:16.437268+00:00,2026-03-05T19:01:16.437268+00:00,,,,,,,,,,,,,,,1,0,0,,,artifacts/runs/telemetry/raw/ablation/hypercube/m4/manual_20260305/manual_20260305_181349/m3_plus_20260305_183211|artifacts/runs/telemetry/raw/ablation/hypercube/m4/manual_20260305/manual_20260305_181349/m3_plus_20260305_183211/m3_plus_report.json|runs/l_series/m4/20260305_183211/m3_4/20260305_185510/l_series_summary.json,M4 row,,,
m.track.m3_6.m3_6_a,m_telemetry,m_track,M3.6 M3.6.A,M3.6.M3.6.A|M3.6.A,M3.6.M3.6.A,artifact,high,artifact_only,2026-03-06T03:10:36.694032+00:00,2026-03-06T13:17:28.007791+00:00,,,,,,,,,,,,,,,3,0,0,,,artifacts/runs/telemetry/raw/ablation/hypercube/m3_6_symmetry_oracle/m3_6_1_20260306|artifacts/runs/telemetry/raw/ablation/hypercube/m3_6_symmetry_oracle/m3_6_1_20260306/m3_6_symmetry_oracle_report.json|artifacts/runs/telemetry/raw/ablation/hypercube/m3_6_symmetry_oracle/m3_6_1_20260306_rerun|artifacts/runs/telemetry/raw/ablation/hypercube/m3_6_symmetry_oracle/m3_6_1_20260306_rerun/m3_6_symmetry_oracle_report.json|artifacts/runs/telemetry/raw/ablation/hypercube/m3_6_symmetry_oracle/m3_6_20260305|artifacts/runs/telemetry/raw/ablation/hypercube/m3_6_symmetry_oracle/m3_6_20260305/m3_6_symmetry_oracle_report.json,M3.6 cell,,,
m.track.m3_6.m3_6_b,m_telemetry,m_track,M3.6 M3.6.B,M3.6.M3.6.B|M3.6.B,M3.6.M3.6.B,artifact,high,artifact_only,2026-03-06T03:10:36.694032+00:00,2026-03-06T13:17:28.007791+00:00,,,,,,,,,,,,,,,3,0,0,,,artifacts/runs/telemetry/raw/ablation/hypercube/m3_6_symmetry_oracle/m3_6_1_20260306|artifacts/runs/telemetry/raw/ablation/hypercube/m3_6_symmetry_oracle/m3_6_1_20260306/m3_6_symmetry_oracle_report.json|artifacts/runs/telemetry/raw/ablation/hypercube/m3_6_symmetry_oracle/m3_6_1_20260306_rerun|artifacts/runs/telemetry/raw/ablation/hypercube/m3_6_symmetry_oracle/m3_6_1_20260306_rerun/m3_6_symmetry_oracle_report.json|artifacts/runs/telemetry/raw/ablation/hypercube/m3_6_symmetry_oracle/m3_6_20260305|artifacts/runs/telemetry/raw/ablation/hypercube/m3_6_symmetry_oracle/m3_6_20260305/m3_6_symmetry_oracle_report.json,M3.6 cell,,,
m.track.m3_6.m3_6_c,m_telemetry,m_track,M3.6 M3.6.C,M3.6.M3.6.C|M3.6.C,M3.6.M3.6.C,artifact,high,artifact_only,2026-03-06T03:10:36.694032+00:00,2026-03-06T13:17:28.007791+00:00,,,,,,,,,,,,,,,3,0,0,,,artifacts/runs/telemetry/raw/ablation/hypercube/m3_6_symmetry_oracle/m3_6_1_20260306|artifacts/runs/telemetry/raw/ablation/hypercube/m3_6_symmetry_oracle/m3_6_1_20260306/m3_6_symmetry_oracle_report.json|artifacts/runs/telemetry/raw/ablation/hypercube/m3_6_symmetry_oracle/m3_6_1_20260306_rerun|artifacts/runs/telemetry/raw/ablation/hypercube/m3_6_symmetry_oracle/m3_6_1_20260306_rerun/m3_6_symmetry_oracle_report.json|artifacts/runs/telemetry/raw/ablation/hypercube/m3_6_symmetry_oracle/m3_6_20260305|artifacts/runs/telemetry/raw/ablation/hypercube/m3_6_symmetry_oracle/m3_6_20260305/m3_6_symmetry_oracle_report.json,M3.6 cell,,,
m.track.m3_7.m3_7_a,m_telemetry,m_track,Control (no shadow pressure),M3.7.A,M3.7:M3.7.A,artifact,high,artifact_only,2026-03-06T15:08:02.841423+00:00,2026-03-06T15:15:51.591071+00:00,,,,,,,,,,,,,,,3,0,0,,,artifacts/runs/telemetry/raw/ablation/hypercube/m3_7_shadow/m3_7_shadow_20260306_145835|artifacts/runs/telemetry/raw/ablation/hypercube/m3_7_shadow/m3_7_shadow_20260306_145835/m3_7_shadow_report.json|runs/l_series/m3_7_shadow/20260306_145835/m3_7_a/20260306_145844/l_series_summary.json|artifacts/runs/telemetry/raw/ablation/hypercube/m3_7_shadow/m3_7_shadow_20260306_151037|artifacts/runs/telemetry/raw/ablation/hypercube/m3_7_shadow/m3_7_shadow_20260306_151037/m3_7_shadow_report.json|runs/l_series/m3_7_shadow/20260306_151037/m3_7_a/20260306_151045/l_series_summary.json|artifacts/runs/telemetry/raw/ablation/hypercube/m3_7_shadow/m3_7_shadow_20260306_151251|artifacts/runs/telemetry/raw/ablation/hypercube/m3_7_shadow/m3_7_shadow_20260306_151251/m3_7_shadow_report.json|runs/l_series/m3_7_shadow/20260306_151251/m3_7_a/20260306_151258/l_series_summary.json,M3.7 row,,,
m.track.m3_7.m3_7_b,m_telemetry,m_track,Paraphrase shadow alignment,M3.7.B,M3.7:M3.7.B,artifact,high,artifact_only,2026-03-06T15:08:02.841423+00:00,2026-03-06T15:15:51.591071+00:00,,,,,,,,,,,,,,,3,0,0,,,artifacts/runs/telemetry/raw/ablation/hypercube/m3_7_shadow/m3_7_shadow_20260306_145835|artifacts/runs/telemetry/raw/ablation/hypercube/m3_7_shadow/m3_7_shadow_20260306_145835/m3_7_shadow_report.json|runs/l_series/m3_7_shadow/20260306_145835/m3_7_b/20260306_150026/l_series_summary.json|artifacts/runs/telemetry/raw/ablation/hypercube/m3_7_shadow/m3_7_shadow_20260306_151037|artifacts/runs/telemetry/raw/ablation/hypercube/m3_7_shadow/m3_7_shadow_20260306_151037/m3_7_shadow_report.json|runs/l_series/m3_7_shadow/20260306_151037/m3_7_b/20260306_151116/l_series_summary.json|artifacts/runs/telemetry/raw/ablation/hypercube/m3_7_shadow/m3_7_shadow_20260306_151251|artifacts/runs/telemetry/raw/ablation/hypercube/m3_7_shadow/m3_7_shadow_20260306_151251/m3_7_shadow_report.json|runs/l_series/m3_7_shadow/20260306_151251/m3_7_b/20260306_151339/l_series_summary.json,M3.7 row,,,
m.track.m3_7.m3_7_c,m_telemetry,m_track,Family separation + rolling shadow,M3.7.C,M3.7:M3.7.C,artifact,high,artifact_only,2026-03-06T15:08:02.841423+00:00,2026-03-06T15:15:51.591071+00:00,,,,,,,,,,,,,,,3,0,0,,,artifacts/runs/telemetry/raw/ablation/hypercube/m3_7_shadow/m3_7_shadow_20260306_145835|artifacts/runs/telemetry/raw/ablation/hypercube/m3_7_shadow/m3_7_shadow_20260306_145835/m3_7_shadow_report.json|runs/l_series/m3_7_shadow/20260306_145835/m3_7_c/20260306_150413/l_series_summary.json|artifacts/runs/telemetry/raw/ablation/hypercube/m3_7_shadow/m3_7_shadow_20260306_151037|artifacts/runs/telemetry/raw/ablation/hypercube/m3_7_shadow/m3_7_shadow_20260306_151037/m3_7_shadow_report.json|runs/l_series/m3_7_shadow/20260306_151037/m3_7_c/20260306_151143/l_series_summary.json|artifacts/runs/telemetry/raw/ablation/hypercube/m3_7_shadow/m3_7_shadow_20260306_151251|artifacts/runs/telemetry/raw/ablation/hypercube/m3_7_shadow/m3_7_shadow_20260306_151251/m3_7_shadow_report.json|runs/l_series/m3_7_shadow/20260306_151251/m3_7_c/20260306_151438/l_series_summary.json,M3.7 row,,,
m.track.m3_8.m3_8_a,m_telemetry,m_track,Operator entropy regularization,M3.8.A,M3.8:M3.8.A,artifact,high,artifact_only,2026-03-06T18:29:56.744852+00:00,2026-03-07T01:36:13.093224+00:00,,,,,,,,,,,,,,,6,0,0,,,artifacts/runs/telemetry/raw/ablation/hypercube/m3_8_diversification/m3_8_diversification_20260306_182532|artifacts/runs/telemetry/raw/ablation/hypercube/m3_8_diversification/m3_8_diversification_20260306_182532/m3_8_diversification_report.json|runs/l_series/m3_8_diversification/20260306_182532/m3_8_a/20260306_182540/l_series_summary.json|artifacts/runs/telemetry/raw/ablation/hypercube/m3_8_diversification/m3_8_diversification_20260306_183203|artifacts/runs/telemetry/raw/ablation/hypercube/m3_8_diversification/m3_8_diversification_20260306_183203/m3_8_diversification_report.json|runs/l_series/m3_8_diversification/20260306_183203/m3_8_a/20260306_183210/l_series_summary.json|artifacts/runs/telemetry/raw/ablation/hypercube/m3_8_diversification/m3_8_diversification_20260307_013004|artifacts/runs/telemetry/raw/ablation/hypercube/m3_8_diversification/m3_8_diversification_20260307_013004/m3_8_diversification_report.json|runs/l_series/m3_8_diversification/20260307_013004/legacy/m3_8_a/20260307_013012/l_series_summary.json|runs/l_series/m3_8_diversification/20260307_013004/easy/m3_8_a/20260307_013139/l_series_summary.json|runs/l_series/m3_8_diversification/20260307_013004/medium/m3_8_a/20260307_013308/l_series_summary.json|runs/l_series/m3_8_diversification/20260307_013004/hard/m3_8_a/20260307_013437/l_series_summary.json,M3.8 row,,,
m.track.m3_8.m3_8_b,m_telemetry,m_track,Domain reuse reward,M3.8.B,M3.8:M3.8.B,artifact,high,artifact_only,2026-03-06T18:29:56.744852+00:00,2026-03-07T01:36:13.093224+00:00,,,,,,,,,,,,,,,6,0,0,,,artifacts/runs/telemetry/raw/ablation/hypercube/m3_8_diversification/m3_8_diversification_20260306_182532|artifacts/runs/telemetry/raw/ablation/hypercube/m3_8_diversification/m3_8_diversification_20260306_182532/m3_8_diversification_report.json|runs/l_series/m3_8_diversification/20260306_182532/m3_8_b/20260306_182712/l_series_summary.json|artifacts/runs/telemetry/raw/ablation/hypercube/m3_8_diversification/m3_8_diversification_20260306_183203|artifacts/runs/telemetry/raw/ablation/hypercube/m3_8_diversification/m3_8_diversification_20260306_183203/m3_8_diversification_report.json|runs/l_series/m3_8_diversification/20260306_183203/m3_8_b/20260306_183340/l_series_summary.json|artifacts/runs/telemetry/raw/ablation/hypercube/m3_8_diversification/m3_8_diversification_20260307_013004|artifacts/runs/telemetry/raw/ablation/hypercube/m3_8_diversification/m3_8_diversification_20260307_013004/m3_8_diversification_report.json|runs/l_series/m3_8_diversification/20260307_013004/legacy/m3_8_b/20260307_013044/l_series_summary.json|runs/l_series/m3_8_diversification/20260307_013004/easy/m3_8_b/20260307_013209/l_series_summary.json|runs/l_series/m3_8_diversification/20260307_013004/medium/m3_8_b/20260307_013339/l_series_summary.json|runs/l_series/m3_8_diversification/20260307_013004/hard/m3_8_b/20260307_013509/l_series_summary.json,M3.8 row,,,
m.track.m3_8.m3_8_c,m_telemetry,m_track,Family clustering objective,M3.8.C,M3.8:M3.8.C,artifact,high,artifact_only,2026-03-06T18:29:56.744852+00:00,2026-03-07T01:36:13.093224+00:00,,,,,,,,,,,,,,,6,0,0,,,artifacts/runs/telemetry/raw/ablation/hypercube/m3_8_diversification/m3_8_diversification_20260306_182532|artifacts/runs/telemetry/raw/ablation/hypercube/m3_8_diversification/m3_8_diversification_20260306_182532/m3_8_diversification_report.json|runs/l_series/m3_8_diversification/20260306_182532/m3_8_c/20260306_182839/l_series_summary.json|artifacts/runs/telemetry/raw/ablation/hypercube/m3_8_diversification/m3_8_diversification_20260306_183203|artifacts/runs/telemetry/raw/ablation/hypercube/m3_8_diversification/m3_8_diversification_20260306_183203/m3_8_diversification_report.json|runs/l_series/m3_8_diversification/20260306_183203/m3_8_c/20260306_183504/l_series_summary.json|artifacts/runs/telemetry/raw/ablation/hypercube/m3_8_diversification/m3_8_diversification_20260307_013004|artifacts/runs/telemetry/raw/ablation/hypercube/m3_8_diversification/m3_8_diversification_20260307_013004/m3_8_diversification_report.json|runs/l_series/m3_8_diversification/20260307_013004/legacy/m3_8_c/20260307_013110/l_series_summary.json|runs/l_series/m3_8_diversification/20260307_013004/easy/m3_8_c/20260307_013238/l_series_summary.json|runs/l_series/m3_8_diversification/20260307_013004/medium/m3_8_c/20260307_013404/l_series_summary.json|runs/l_series/m3_8_diversification/20260307_013004/hard/m3_8_c/20260307_013545/l_series_summary.json,M3.8 row,,,
m.track.m3_14.a,m_telemetry,m_track,M3.14 A,M3.14.A|A,M3.14.A,artifact,high,artifact_only,2026-03-09T16:11:46.432883+00:00,2026-03-11T04:56:55.135277+00:00,,,,,,,,,,,,,,,3,0,0,,,artifacts/runs/telemetry/raw/ablation/hypercube/m3_14_structural_alignment_bridge/m3_14_prelim_20260309|artifacts/runs/telemetry/raw/ablation/hypercube/m3_14_structural_alignment_bridge/m3_14_prelim_20260309/m3_14_report.json|artifacts/runs/telemetry/raw/ablation/hypercube/m3_14_structural_alignment_bridge/m3_14_prelim_guarded_20260309|artifacts/runs/telemetry/raw/ablation/hypercube/m3_14_structural_alignment_bridge/m3_14_prelim_guarded_20260309/m3_14_report.json|artifacts/runs/telemetry/raw/ablation/hypercube/m3_14_structural_alignment_bridge/refactor_clean_small/m3_14_20260310_refactor_small|artifacts/runs/telemetry/raw/ablation/hypercube/m3_14_structural_alignment_bridge/refactor_clean_small/m3_14_20260310_refactor_small/m3_14_report.json,M3.14 cell,,,
m.track.m3_14.b,m_telemetry,m_track,M3.14 B,M3.14.B|B,M3.14.B,artifact,high,artifact_only,2026-03-09T16:11:46.432883+00:00,2026-03-11T04:56:55.135277+00:00,,,,,,,,,,,,,,,3,0,0,,,artifacts/runs/telemetry/raw/ablation/hypercube/m3_14_structural_alignment_bridge/m3_14_prelim_20260309|artifacts/runs/telemetry/raw/ablation/hypercube/m3_14_structural_alignment_bridge/m3_14_prelim_20260309/m3_14_report.json|artifacts/runs/telemetry/raw/ablation/hypercube/m3_14_structural_alignment_bridge/m3_14_prelim_guarded_20260309|artifacts/runs/telemetry/raw/ablation/hypercube/m3_14_structural_alignment_bridge/m3_14_prelim_guarded_20260309/m3_14_report.json|artifacts/runs/telemetry/raw/ablation/hypercube/m3_14_structural_alignment_bridge/refactor_clean_small/m3_14_20260310_refactor_small|artifacts/runs/telemetry/raw/ablation/hypercube/m3_14_structural_alignment_bridge/refactor_clean_small/m3_14_20260310_refactor_small/m3_14_report.json,M3.14 cell,,,
m.track.m3_14.c,m_telemetry,m_track,M3.14 C,M3.14.C|C,M3.14.C,artifact,high,artifact_only,2026-03-09T16:11:46.432883+00:00,2026-03-11T04:56:55.135277+00:00,,,,,,,,,,,,,,,3,0,0,,,artifacts/runs/telemetry/raw/ablation/hypercube/m3_14_structural_alignment_bridge/m3_14_prelim_20260309|artifacts/runs/telemetry/raw/ablation/hypercube/m3_14_structural_alignment_bridge/m3_14_prelim_20260309/m3_14_report.json|artifacts/runs/telemetry/raw/ablation/hypercube/m3_14_structural_alignment_bridge/m3_14_prelim_guarded_20260309|artifacts/runs/telemetry/raw/ablation/hypercube/m3_14_structural_alignment_bridge/m3_14_prelim_guarded_20260309/m3_14_report.json|artifacts/runs/telemetry/raw/ablation/hypercube/m3_14_structural_alignment_bridge/refactor_clean_small/m3_14_20260310_refactor_small|artifacts/runs/telemetry/raw/ablation/hypercube/m3_14_structural_alignment_bridge/refactor_clean_small/m3_14_20260310_refactor_small/m3_14_report.json,M3.14 cell,,,
m.track.m3_15.a,m_telemetry,m_track,M3.15 A,M3.15.A|A,M3.15.A,artifact,high,artifact_only,2026-03-09T22:57:43.498092+00:00,2026-03-11T05:26:01.899171+00:00,0.5,,,,0.0,,,,,,,,,,15,0,0,,,artifacts/runs/telemetry/raw/ablation/hypercube/m3_15_rotary_coconut_seven/smoke_20260309_fix1/R1|artifacts/runs/telemetry/raw/ablation/hypercube/m3_15_rotary_coconut_seven/smoke_20260309_fix1/R1/m3_15_report.json|artifacts/runs/telemetry/raw/ablation/hypercube/m3_15_rotary_coconut_seven/smoke_20260309_fix1/R2|artifacts/runs/telemetry/raw/ablation/hypercube/m3_15_rotary_coconut_seven/smoke_20260309_fix1/R2/m3_15_report.json|artifacts/runs/telemetry/raw/ablation/hypercube/m3_15_rotary_coconut_seven/smoke_20260309_fix1/R3|artifacts/runs/telemetry/raw/ablation/hypercube/m3_15_rotary_coconut_seven/smoke_20260309_fix1/R3/m3_15_report.json|artifacts/runs/telemetry/raw/ablation/hypercube/m3_15_rotary_coconut_seven/smoke_20260309_fix1/R4|artifacts/runs/telemetry/raw/ablation/hypercube/m3_15_rotary_coconut_seven/smoke_20260309_fix1/R4/m3_15_report.json|artifacts/runs/telemetry/raw/ablation/hypercube/m3_15_rotary_coconut_seven/smoke_20260309_fix1/R5|artifacts/runs/telemetry/raw/ablation/hypercube/m3_15_rotary_coconut_seven/smoke_20260309_fix1/R5/m3_15_report.json|artifacts/runs/telemetry/raw/ablation/hypercube/m3_15_rotary_coconut_seven/smoke_20260309_fix1/R6|artifacts/runs/telemetry/raw/ablation/hypercube/m3_15_rotary_coconut_seven/smoke_20260309_fix1/R6/m3_15_report.json|artifacts/runs/telemetry/raw/ablation/hypercube/m3_15_rotary_coconut_seven/smoke_20260309_fix1/R7|artifacts/runs/telemetry/raw/ablation/hypercube/m3_15_rotary_coconut_seven/smoke_20260309_fix1/R7/m3_15_report.json|artifacts/runs/telemetry/raw/ablation/hypercube/m3_15_rotary_coconut_seven/m3_15_seven_20260309/R1|artifacts/runs/telemetry/raw/ablation/hypercube/m3_15_rotary_coconut_seven/m3_15_seven_20260309/R1/m3_15_report.json|artifacts/runs/telemetry/raw/ablation/hypercube/m3_15_rotary_coconut_seven/m3_15_seven_20260309/R2|artifacts/runs/telemetry/raw/ablation/hypercube/m3_15_rotary_coconut_seven/m3_15_seven_20260309/R2/m3_15_report.json|artifacts/runs/telemetry/raw/ablation/hypercube/m3_15_rotary_coconut_seven/m3_15_seven_20260309/R3|artifacts/runs/telemetry/raw/ablation/hypercube/m3_15_rotary_coconut_seven/m3_15_seven_20260309/R3/m3_15_report.json|artifacts/runs/telemetry/raw/ablation/hypercube/m3_15_rotary_coconut_seven/m3_15_seven_20260309/R4|artifacts/runs/telemetry/raw/ablation/hypercube/m3_15_rotary_coconut_seven/m3_15_seven_20260309/R4/m3_15_report.json|artifacts/runs/telemetry/raw/ablation/hypercube/m3_15_rotary_coconut_seven/m3_15_seven_20260309/R5|artifacts/runs/telemetry/raw/ablation/hypercube/m3_15_rotary_coconut_seven/m3_15_seven_20260309/R5/m3_15_report.json|artifacts/runs/telemetry/raw/ablation/hypercube/m3_15_rotary_coconut_seven/m3_15_seven_20260309/R6|artifacts/runs/telemetry/raw/ablation/hypercube/m3_15_rotary_coconut_seven/m3_15_seven_20260309/R6/m3_15_report.json|artifacts/runs/telemetry/raw/ablation/hypercube/m3_15_rotary_coconut_seven/m3_15_seven_20260309/R7|artifacts/runs/telemetry/raw/ablation/hypercube/m3_15_rotary_coconut_seven/m3_15_seven_20260309/R7/m3_15_report.json|artifacts/runs/telemetry/raw/ablation/hypercube/m3_15_rotary_coconut/refactor_clean_small/m3_15_20260310_refactor_small|artifacts/runs/telemetry/raw/ablation/hypercube/m3_15_rotary_coconut/refactor_clean_small/m3_15_20260310_refactor_small/m3_15_report.json,M3.15 cell,,,
m.track.m3_15.b,m_telemetry,m_track,M3.15 B,M3.15.B|B,M3.15.B,artifact,high,artifact_only,2026-03-09T22:57:43.498092+00:00,2026-03-11T05:26:01.899171+00:00,0.5,,,,0.0012507587671279907,,,,,,,,,,15,0,0,,,artifacts/runs/telemetry/raw/ablation/hypercube/m3_15_rotary_coconut_seven/smoke_20260309_fix1/R1|artifacts/runs/telemetry/raw/ablation/hypercube/m3_15_rotary_coconut_seven/smoke_20260309_fix1/R1/m3_15_report.json|artifacts/runs/telemetry/raw/ablation/hypercube/m3_15_rotary_coconut_seven/smoke_20260309_fix1/R2|artifacts/runs/telemetry/raw/ablation/hypercube/m3_15_rotary_coconut_seven/smoke_20260309_fix1/R2/m3_15_report.json|artifacts/runs/telemetry/raw/ablation/hypercube/m3_15_rotary_coconut_seven/smoke_20260309_fix1/R3|artifacts/runs/telemetry/raw/ablation/hypercube/m3_15_rotary_coconut_seven/smoke_20260309_fix1/R3/m3_15_report.json|artifacts/runs/telemetry/raw/ablation/hypercube/m3_15_rotary_coconut_seven/smoke_20260309_fix1/R4|artifacts/runs/telemetry/raw/ablation/hypercube/m3_15_rotary_coconut_seven/smoke_20260309_fix1/R4/m3_15_report.json|artifacts/runs/telemetry/raw/ablation/hypercube/m3_15_rotary_coconut_seven/smoke_20260309_fix1/R5|artifacts/runs/telemetry/raw/ablation/hypercube/m3_15_rotary_coconut_seven/smoke_20260309_fix1/R5/m3_15_report.json|artifacts/runs/telemetry/raw/ablation/hypercube/m3_15_rotary_coconut_seven/smoke_20260309_fix1/R6|artifacts/runs/telemetry/raw/ablation/hypercube/m3_15_rotary_coconut_seven/smoke_20260309_fix1/R6/m3_15_report.json|artifacts/runs/telemetry/raw/ablation/hypercube/m3_15_rotary_coconut_seven/smoke_20260309_fix1/R7|artifacts/runs/telemetry/raw/ablation/hypercube/m3_15_rotary_coconut_seven/smoke_20260309_fix1/R7/m3_15_report.json|artifacts/runs/telemetry/raw/ablation/hypercube/m3_15_rotary_coconut_seven/m3_15_seven_20260309/R1|artifacts/runs/telemetry/raw/ablation/hypercube/m3_15_rotary_coconut_seven/m3_15_seven_20260309/R1/m3_15_report.json|artifacts/runs/telemetry/raw/ablation/hypercube/m3_15_rotary_coconut_seven/m3_15_seven_20260309/R2|artifacts/runs/telemetry/raw/ablation/hypercube/m3_15_rotary_coconut_seven/m3_15_seven_20260309/R2/m3_15_report.json|artifacts/runs/telemetry/raw/ablation/hypercube/m3_15_rotary_coconut_seven/m3_15_seven_20260309/R3|artifacts/runs/telemetry/raw/ablation/hypercube/m3_15_rotary_coconut_seven/m3_15_seven_20260309/R3/m3_15_report.json|artifacts/runs/telemetry/raw/ablation/hypercube/m3_15_rotary_coconut_seven/m3_15_seven_20260309/R4|artifacts/runs/telemetry/raw/ablation/hypercube/m3_15_rotary_coconut_seven/m3_15_seven_20260309/R4/m3_15_report.json|artifacts/runs/telemetry/raw/ablation/hypercube/m3_15_rotary_coconut_seven/m3_15_seven_20260309/R5|artifacts/runs/telemetry/raw/ablation/hypercube/m3_15_rotary_coconut_seven/m3_15_seven_20260309/R5/m3_15_report.json|artifacts/runs/telemetry/raw/ablation/hypercube/m3_15_rotary_coconut_seven/m3_15_seven_20260309/R6|artifacts/runs/telemetry/raw/ablation/hypercube/m3_15_rotary_coconut_seven/m3_15_seven_20260309/R6/m3_15_report.json|artifacts/runs/telemetry/raw/ablation/hypercube/m3_15_rotary_coconut_seven/m3_15_seven_20260309/R7|artifacts/runs/telemetry/raw/ablation/hypercube/m3_15_rotary_coconut_seven/m3_15_seven_20260309/R7/m3_15_report.json|artifacts/runs/telemetry/raw/ablation/hypercube/m3_15_rotary_coconut/refactor_clean_small/m3_15_20260310_refactor_small|artifacts/runs/telemetry/raw/ablation/hypercube/m3_15_rotary_coconut/refactor_clean_small/m3_15_20260310_refactor_small/m3_15_report.json,M3.15 cell,,,
m.track.m3_15.c,m_telemetry,m_track,M3.15 C,M3.15.C|C,M3.15.C,artifact,high,artifact_only,2026-03-09T22:57:43.498092+00:00,2026-03-11T05:26:01.899171+00:00,0.5,,,,0.0012507587671279907,,,,,,,,,,15,0,0,,,artifacts/runs/telemetry/raw/ablation/hypercube/m3_15_rotary_coconut_seven/smoke_20260309_fix1/R1|artifacts/runs/telemetry/raw/ablation/hypercube/m3_15_rotary_coconut_seven/smoke_20260309_fix1/R1/m3_15_report.json|artifacts/runs/telemetry/raw/ablation/hypercube/m3_15_rotary_coconut_seven/smoke_20260309_fix1/R2|artifacts/runs/telemetry/raw/ablation/hypercube/m3_15_rotary_coconut_seven/smoke_20260309_fix1/R2/m3_15_report.json|artifacts/runs/telemetry/raw/ablation/hypercube/m3_15_rotary_coconut_seven/smoke_20260309_fix1/R3|artifacts/runs/telemetry/raw/ablation/hypercube/m3_15_rotary_coconut_seven/smoke_20260309_fix1/R3/m3_15_report.json|artifacts/runs/telemetry/raw/ablation/hypercube/m3_15_rotary_coconut_seven/smoke_20260309_fix1/R4|artifacts/runs/telemetry/raw/ablation/hypercube/m3_15_rotary_coconut_seven/smoke_20260309_fix1/R4/m3_15_report.json|artifacts/runs/telemetry/raw/ablation/hypercube/m3_15_rotary_coconut_seven/smoke_20260309_fix1/R5|artifacts/runs/telemetry/raw/ablation/hypercube/m3_15_rotary_coconut_seven/smoke_20260309_fix1/R5/m3_15_report.json|artifacts/runs/telemetry/raw/ablation/hypercube/m3_15_rotary_coconut_seven/smoke_20260309_fix1/R6|artifacts/runs/telemetry/raw/ablation/hypercube/m3_15_rotary_coconut_seven/smoke_20260309_fix1/R6/m3_15_report.json|artifacts/runs/telemetry/raw/ablation/hypercube/m3_15_rotary_coconut_seven/smoke_20260309_fix1/R7|artifacts/runs/telemetry/raw/ablation/hypercube/m3_15_rotary_coconut_seven/smoke_20260309_fix1/R7/m3_15_report.json|artifacts/runs/telemetry/raw/ablation/hypercube/m3_15_rotary_coconut_seven/m3_15_seven_20260309/R1|artifacts/runs/telemetry/raw/ablation/hypercube/m3_15_rotary_coconut_seven/m3_15_seven_20260309/R1/m3_15_report.json|artifacts/runs/telemetry/raw/ablation/hypercube/m3_15_rotary_coconut_seven/m3_15_seven_20260309/R2|artifacts/runs/telemetry/raw/ablation/hypercube/m3_15_rotary_coconut_seven/m3_15_seven_20260309/R2/m3_15_report.json|artifacts/runs/telemetry/raw/ablation/hypercube/m3_15_rotary_coconut_seven/m3_15_seven_20260309/R3|artifacts/runs/telemetry/raw/ablation/hypercube/m3_15_rotary_coconut_seven/m3_15_seven_20260309/R3/m3_15_report.json|artifacts/runs/telemetry/raw/ablation/hypercube/m3_15_rotary_coconut_seven/m3_15_seven_20260309/R4|artifacts/runs/telemetry/raw/ablation/hypercube/m3_15_rotary_coconut_seven/m3_15_seven_20260309/R4/m3_15_report.json|artifacts/runs/telemetry/raw/ablation/hypercube/m3_15_rotary_coconut_seven/m3_15_seven_20260309/R5|artifacts/runs/telemetry/raw/ablation/hypercube/m3_15_rotary_coconut_seven/m3_15_seven_20260309/R5/m3_15_report.json|artifacts/runs/telemetry/raw/ablation/hypercube/m3_15_rotary_coconut_seven/m3_15_seven_20260309/R6|artifacts/runs/telemetry/raw/ablation/hypercube/m3_15_rotary_coconut_seven/m3_15_seven_20260309/R6/m3_15_report.json|artifacts/runs/telemetry/raw/ablation/hypercube/m3_15_rotary_coconut_seven/m3_15_seven_20260309/R7|artifacts/runs/telemetry/raw/ablation/hypercube/m3_15_rotary_coconut_seven/m3_15_seven_20260309/R7/m3_15_report.json|artifacts/runs/telemetry/raw/ablation/hypercube/m3_15_rotary_coconut/refactor_clean_small/m3_15_20260310_refactor_small|artifacts/runs/telemetry/raw/ablation/hypercube/m3_15_rotary_coconut/refactor_clean_small/m3_15_20260310_refactor_small/m3_15_report.json,M3.15 cell,,,
j.series.h5_dptr,j_series,j_series,Dynamic Pointer Refactor Eval,H5-DPTR,j:H5-DPTR,artifact,high,runnable,2026-03-10T21:40:10.697977+00:00,2026-03-11T01:06:45.440819+00:00,,,,,,,,,,,,,,,4,0,0,D:/lojbanhypop/scripts/eval_h5_dynamic_pointer_refactor.py,,runs/j_series/test_run_true_coconut_84111beefad746d0a3e72f19eaff0ea2/20260310_220925|runs/j_series/test_run_true_coconut_84111beefad746d0a3e72f19eaff0ea2/20260310_220925/run_h_series.json|runs/j_series/test_run_true_coconut_84111beefad746d0a3e72f19eaff0ea2/20260310_220925/h5-dptr.json|runs/j_series/test_run_true_coconut_9870bea3e56d4cd6bd4e663473492fde/20260311_010645|runs/j_series/test_run_true_coconut_9870bea3e56d4cd6bd4e663473492fde/20260311_010645/run_h_series.json|runs/j_series/test_run_true_coconut_9870bea3e56d4cd6bd4e663473492fde/20260311_010645/h5-dptr.json|runs/j_series/test_run_true_coconut_a37f0644eee34bf6a829af85f21a1a99/20260310_214010|runs/j_series/test_run_true_coconut_a37f0644eee34bf6a829af85f21a1a99/20260310_214010/run_h_series.json|runs/j_series/test_run_true_coconut_a37f0644eee34bf6a829af85f21a1a99/20260310_214010/h5-dptr.json|runs/j_series/test_run_true_coconut_cf083a0fffbc46acaa85e373e53f465a/20260310_215112|runs/j_series/test_run_true_coconut_cf083a0fffbc46acaa85e373e53f465a/20260310_215112/run_h_series.json|runs/j_series/test_run_true_coconut_cf083a0fffbc46acaa85e373e53f465a/20260310_215112/h5-dptr.json,j-series row,,,
m.track.m3_12.a,m_telemetry,m_track,M3.12 A,M3.12.A|A,M3.12.A,artifact,high,artifact_only,2026-03-11T03:43:50.052478+00:00,2026-03-11T03:43:50.052478+00:00,,,,,,,,,,,,,,,1,0,0,,,artifacts/runs/telemetry/raw/ablation/hypercube/m3_12_geometric_return_stream/refactor_clean_small/m3_12_20260310_refactor_small|artifacts/runs/telemetry/raw/ablation/hypercube/m3_12_geometric_return_stream/refactor_clean_small/m3_12_20260310_refactor_small/m3_12_return_stream_report.json,M3.12 cell,,,
m.track.m3_12.b,m_telemetry,m_track,M3.12 B,M3.12.B|B,M3.12.B,artifact,high,artifact_only,2026-03-11T03:43:50.052478+00:00,2026-03-11T03:43:50.052478+00:00,,,,,,,,,,,,,,,1,0,0,,,artifacts/runs/telemetry/raw/ablation/hypercube/m3_12_geometric_return_stream/refactor_clean_small/m3_12_20260310_refactor_small|artifacts/runs/telemetry/raw/ablation/hypercube/m3_12_geometric_return_stream/refactor_clean_small/m3_12_20260310_refactor_small/m3_12_return_stream_report.json,M3.12 cell,,,
m.track.m3_12.c,m_telemetry,m_track,M3.12 C,M3.12.C|C,M3.12.C,artifact,high,artifact_only,2026-03-11T03:43:50.052478+00:00,2026-03-11T03:43:50.052478+00:00,,,,,,,,,,,,,,,1,0,0,,,artifacts/runs/telemetry/raw/ablation/hypercube/m3_12_geometric_return_stream/refactor_clean_small/m3_12_20260310_refactor_small|artifacts/runs/telemetry/raw/ablation/hypercube/m3_12_geometric_return_stream/refactor_clean_small/m3_12_20260310_refactor_small/m3_12_return_stream_report.json,M3.12 cell,,,
m.track.m3_15b.a,m_telemetry,m_track,M3.15b A,M3.15b.A|A,M3.15b.A,artifact,high,artifact_only,2026-03-11T06:09:35.839372+00:00,2026-03-11T12:10:38.307029+00:00,0.5,,,,0.0,,,,,,,,,,4,0,0,,,artifacts/runs/telemetry/raw/ablation/hypercube/m3_15b_relation_local_rotary/refactor_clean_small/m3_15b_20260310_refactor_small|artifacts/runs/telemetry/raw/ablation/hypercube/m3_15b_relation_local_rotary/refactor_clean_small/m3_15b_20260310_refactor_small/m3_15b_report.json|artifacts/runs/telemetry/raw/ablation/hypercube/m3_15b_relation_local_rotary/refactor_clean_small/m3_15b_20260311_probe_v2|artifacts/runs/telemetry/raw/ablation/hypercube/m3_15b_relation_local_rotary/refactor_clean_small/m3_15b_20260311_probe_v2/m3_15b_report.json|artifacts/runs/telemetry/raw/ablation/hypercube/m3_15b_relation_local_rotary/decollapse_followup/m3_15b_20260311_after_decollapse|artifacts/runs/telemetry/raw/ablation/hypercube/m3_15b_relation_local_rotary/decollapse_followup/m3_15b_20260311_after_decollapse/m3_15b_report.json|artifacts/runs/telemetry/raw/ablation/hypercube/m3_15b_relation_local_rotary/bridge_base_v2/m3_15b_20260311_bridge_base_v2|artifacts/runs/telemetry/raw/ablation/hypercube/m3_15b_relation_local_rotary/bridge_base_v2/m3_15b_20260311_bridge_base_v2/m3_15b_report.json,M3.15b cell,,,
m.track.m3_15b.b,m_telemetry,m_track,M3.15b B,M3.15b.B|B,M3.15b.B,artifact,high,artifact_only,2026-03-11T06:09:35.839372+00:00,2026-03-11T12:10:38.307029+00:00,0.5,,,,0.003669966012239456,,,,,,,,,,4,0,0,,,artifacts/runs/telemetry/raw/ablation/hypercube/m3_15b_relation_local_rotary/refactor_clean_small/m3_15b_20260310_refactor_small|artifacts/runs/telemetry/raw/ablation/hypercube/m3_15b_relation_local_rotary/refactor_clean_small/m3_15b_20260310_refactor_small/m3_15b_report.json|artifacts/runs/telemetry/raw/ablation/hypercube/m3_15b_relation_local_rotary/refactor_clean_small/m3_15b_20260311_probe_v2|artifacts/runs/telemetry/raw/ablation/hypercube/m3_15b_relation_local_rotary/refactor_clean_small/m3_15b_20260311_probe_v2/m3_15b_report.json|artifacts/runs/telemetry/raw/ablation/hypercube/m3_15b_relation_local_rotary/decollapse_followup/m3_15b_20260311_after_decollapse|artifacts/runs/telemetry/raw/ablation/hypercube/m3_15b_relation_local_rotary/decollapse_followup/m3_15b_20260311_after_decollapse/m3_15b_report.json|artifacts/runs/telemetry/raw/ablation/hypercube/m3_15b_relation_local_rotary/bridge_base_v2/m3_15b_20260311_bridge_base_v2|artifacts/runs/telemetry/raw/ablation/hypercube/m3_15b_relation_local_rotary/bridge_base_v2/m3_15b_20260311_bridge_base_v2/m3_15b_report.json,M3.15b cell,,,
m.track.m3_15b.c,m_telemetry,m_track,M3.15b C,M3.15b.C|C,M3.15b.C,artifact,high,artifact_only,2026-03-11T06:09:35.839372+00:00,2026-03-11T12:10:38.307029+00:00,0.5,,,,0.0,,,,,,,,,,4,0,0,,,artifacts/runs/telemetry/raw/ablation/hypercube/m3_15b_relation_local_rotary/refactor_clean_small/m3_15b_20260310_refactor_small|artifacts/runs/telemetry/raw/ablation/hypercube/m3_15b_relation_local_rotary/refactor_clean_small/m3_15b_20260310_refactor_small/m3_15b_report.json|artifacts/runs/telemetry/raw/ablation/hypercube/m3_15b_relation_local_rotary/refactor_clean_small/m3_15b_20260311_probe_v2|artifacts/runs/telemetry/raw/ablation/hypercube/m3_15b_relation_local_rotary/refactor_clean_small/m3_15b_20260311_probe_v2/m3_15b_report.json|artifacts/runs/telemetry/raw/ablation/hypercube/m3_15b_relation_local_rotary/decollapse_followup/m3_15b_20260311_after_decollapse|artifacts/runs/telemetry/raw/ablation/hypercube/m3_15b_relation_local_rotary/decollapse_followup/m3_15b_20260311_after_decollapse/m3_15b_report.json|artifacts/runs/telemetry/raw/ablation/hypercube/m3_15b_relation_local_rotary/bridge_base_v2/m3_15b_20260311_bridge_base_v2|artifacts/runs/telemetry/raw/ablation/hypercube/m3_15b_relation_local_rotary/bridge_base_v2/m3_15b_20260311_bridge_base_v2/m3_15b_report.json,M3.15b cell,,,
m.track.m3_15c.a,m_telemetry,m_track,M3.15c A,M3.15c.A|A,M3.15c.A,artifact,high,artifact_only,2026-03-11T12:46:44.264173+00:00,2026-03-11T12:46:44.264173+00:00,0.5,,,,0.0,,,,,,,,,,1,0,0,,,artifacts/runs/telemetry/raw/ablation/hypercube/m3_15c_family_conditioned_bridge/bridge_base_v1/m3_15c_20260311_bridge_base_v1|artifacts/runs/telemetry/raw/ablation/hypercube/m3_15c_family_conditioned_bridge/bridge_base_v1/m3_15c_20260311_bridge_base_v1/m3_15c_report.json,M3.15c cell,,,
m.track.m3_15c.b,m_telemetry,m_track,M3.15c B,M3.15c.B|B,M3.15c.B,artifact,high,artifact_only,2026-03-11T12:46:44.264173+00:00,2026-03-11T12:46:44.264173+00:00,0.5,,,,0.0,,,,,,,,,,1,0,0,,,artifacts/runs/telemetry/raw/ablation/hypercube/m3_15c_family_conditioned_bridge/bridge_base_v1/m3_15c_20260311_bridge_base_v1|artifacts/runs/telemetry/raw/ablation/hypercube/m3_15c_family_conditioned_bridge/bridge_base_v1/m3_15c_20260311_bridge_base_v1/m3_15c_report.json,M3.15c cell,,,
m.track.m3_15c.c,m_telemetry,m_track,M3.15c C,M3.15c.C|C,M3.15c.C,artifact,high,artifact_only,2026-03-11T12:46:44.264173+00:00,2026-03-11T12:46:44.264173+00:00,0.5,,,,0.0,,,,,,,,,,1,0,0,,,artifacts/runs/telemetry/raw/ablation/hypercube/m3_15c_family_conditioned_bridge/bridge_base_v1/m3_15c_20260311_bridge_base_v1|artifacts/runs/telemetry/raw/ablation/hypercube/m3_15c_family_conditioned_bridge/bridge_base_v1/m3_15c_20260311_bridge_base_v1/m3_15c_report.json,M3.15c cell,,,
m.track.m3_15d.a,m_telemetry,m_track,M3.15d A,M3.15d.A|A,M3.15d.A,artifact,high,artifact_only,2026-03-11T20:36:09.932496+00:00,2026-03-11T20:36:09.932496+00:00,0.5,,,,0.0,,,,,,,,,,1,0,0,,,artifacts/runs/telemetry/raw/ablation/hypercube/m3_15d_answer_path_forcing/bridge_base_v1/m3_15d_20260311_bridge_base_v1|artifacts/runs/telemetry/raw/ablation/hypercube/m3_15d_answer_path_forcing/bridge_base_v1/m3_15d_20260311_bridge_base_v1/m3_15d_report.json,M3.15d cell,,,
m.track.m3_15d.b,m_telemetry,m_track,M3.15d B,M3.15d.B|B,M3.15d.B,artifact,high,artifact_only,2026-03-11T20:36:09.932496+00:00,2026-03-11T20:36:09.932496+00:00,0.5,,,,0.0,,,,,,,,,,1,0,0,,,artifacts/runs/telemetry/raw/ablation/hypercube/m3_15d_answer_path_forcing/bridge_base_v1/m3_15d_20260311_bridge_base_v1|artifacts/runs/telemetry/raw/ablation/hypercube/m3_15d_answer_path_forcing/bridge_base_v1/m3_15d_20260311_bridge_base_v1/m3_15d_report.json,M3.15d cell,,,
m.track.m3_15d.c,m_telemetry,m_track,M3.15d C,M3.15d.C|C,M3.15d.C,artifact,high,artifact_only,2026-03-11T20:36:09.932496+00:00,2026-03-11T20:36:09.932496+00:00,0.5,,,,0.0,,,,,,,,,,1,0,0,,,artifacts/runs/telemetry/raw/ablation/hypercube/m3_15d_answer_path_forcing/bridge_base_v1/m3_15d_20260311_bridge_base_v1|artifacts/runs/telemetry/raw/ablation/hypercube/m3_15d_answer_path_forcing/bridge_base_v1/m3_15d_20260311_bridge_base_v1/m3_15d_report.json,M3.15d cell,,,
m.track.m3_15d.d,m_telemetry,m_track,M3.15d D,M3.15d.D|D,M3.15d.D,artifact,high,artifact_only,2026-03-11T20:36:09.932496+00:00,2026-03-11T20:36:09.932496+00:00,0.5,,,,0.0,,,,,,,,,,1,0,0,,,artifacts/runs/telemetry/raw/ablation/hypercube/m3_15d_answer_path_forcing/bridge_base_v1/m3_15d_20260311_bridge_base_v1|artifacts/runs/telemetry/raw/ablation/hypercube/m3_15d_answer_path_forcing/bridge_base_v1/m3_15d_20260311_bridge_base_v1/m3_15d_report.json,M3.15d cell,,,
m.track.m3_16.a,m_telemetry,m_track,M3.16 A,M3.16.A|A,M3.16.A,artifact,high,artifact_only,2026-03-11T22:38:14.328170+00:00,2026-03-11T22:38:14.328170+00:00,0.5,,,,0.0,,,,,,,,,,1,0,0,,,artifacts/runs/telemetry/raw/ablation/hypercube/m3_16_continuous_graph_bias/bridge_base_v1_small/m3_16_20260311_bridge_base_v1_small|artifacts/runs/telemetry/raw/ablation/hypercube/m3_16_continuous_graph_bias/bridge_base_v1_small/m3_16_20260311_bridge_base_v1_small/m3_16_report.json,M3.16 cell,,,
m.track.m3_16.b,m_telemetry,m_track,M3.16 B,M3.16.B|B,M3.16.B,artifact,high,artifact_only,2026-03-11T22:38:14.328170+00:00,2026-03-11T22:38:14.328170+00:00,0.5,,,,0.0006799120455980301,,,,,,,,,,1,0,0,,,artifacts/runs/telemetry/raw/ablation/hypercube/m3_16_continuous_graph_bias/bridge_base_v1_small/m3_16_20260311_bridge_base_v1_small|artifacts/runs/telemetry/raw/ablation/hypercube/m3_16_continuous_graph_bias/bridge_base_v1_small/m3_16_20260311_bridge_base_v1_small/m3_16_report.json,M3.16 cell,,,
m.track.m3_16.c,m_telemetry,m_track,M3.16 C,M3.16.C|C,M3.16.C,artifact,high,artifact_only,2026-03-11T22:38:14.328170+00:00,2026-03-11T22:38:14.328170+00:00,0.5,,,,7.16131180524826e-05,,,,,,,,,,1,0,0,,,artifacts/runs/telemetry/raw/ablation/hypercube/m3_16_continuous_graph_bias/bridge_base_v1_small/m3_16_20260311_bridge_base_v1_small|artifacts/runs/telemetry/raw/ablation/hypercube/m3_16_continuous_graph_bias/bridge_base_v1_small/m3_16_20260311_bridge_base_v1_small/m3_16_report.json,M3.16 cell,,,
m.track.m3_16.d,m_telemetry,m_track,M3.16 D,M3.16.D|D,M3.16.D,artifact,high,artifact_only,2026-03-11T22:38:14.328170+00:00,2026-03-11T22:38:14.328170+00:00,0.5,,,,0.0001241527497768402,,,,,,,,,,1,0,0,,,artifacts/runs/telemetry/raw/ablation/hypercube/m3_16_continuous_graph_bias/bridge_base_v1_small/m3_16_20260311_bridge_base_v1_small|artifacts/runs/telemetry/raw/ablation/hypercube/m3_16_continuous_graph_bias/bridge_base_v1_small/m3_16_20260311_bridge_base_v1_small/m3_16_report.json,M3.16 cell,,,
m.track.m3_17.a,m_telemetry,m_track,control no re-entry,M3.17.A|A,M3.17.A,artifact,high,artifact_only,2026-03-28T15:09:15.724965+00:00,2026-03-28T18:32:12.249033+00:00,0.5,,,,0.0,,,,,,,,,,2,0,0,,,artifacts/runs/telemetry/raw/ablation/hypercube/m3_17_advisor_reentry_bridge/m3_17_contract_smoke_20260328|artifacts/runs/telemetry/raw/ablation/hypercube/m3_17_advisor_reentry_bridge/m3_17_contract_smoke_20260328/m3_17_report.json|artifacts/runs/telemetry/raw/ablation/hypercube/m3_17_advisor_reentry_bridge/bridge_base_v1_small/m3_17_20260328_bridge_base_v1_small|artifacts/runs/telemetry/raw/ablation/hypercube/m3_17_advisor_reentry_bridge/bridge_base_v1_small/m3_17_20260328_bridge_base_v1_small/m3_17_report.json,M3.17 cell,,,
m.track.m3_17.b,m_telemetry,m_track,single return-state bottleneck,M3.17.B|B,M3.17.B,artifact,high,artifact_only,2026-03-28T15:09:15.724965+00:00,2026-03-28T18:32:12.249033+00:00,0.5,,,,-12.486697733402252,,,,,,,,,,2,0,0,,,artifacts/runs/telemetry/raw/ablation/hypercube/m3_17_advisor_reentry_bridge/m3_17_contract_smoke_20260328|artifacts/runs/telemetry/raw/ablation/hypercube/m3_17_advisor_reentry_bridge/m3_17_contract_smoke_20260328/m3_17_report.json|artifacts/runs/telemetry/raw/ablation/hypercube/m3_17_advisor_reentry_bridge/bridge_base_v1_small/m3_17_20260328_bridge_base_v1_small|artifacts/runs/telemetry/raw/ablation/hypercube/m3_17_advisor_reentry_bridge/bridge_base_v1_small/m3_17_20260328_bridge_base_v1_small/m3_17_report.json,M3.17 cell,,,
m.track.m3_17.c,m_telemetry,m_track,three return-state bottleneck,M3.17.C|C,M3.17.C,artifact,high,artifact_only,2026-03-28T15:09:15.724965+00:00,2026-03-28T18:32:12.249033+00:00,0.5,,,,-8.375754818320274,,,,,,,,,,2,0,0,,,artifacts/runs/telemetry/raw/ablation/hypercube/m3_17_advisor_reentry_bridge/m3_17_contract_smoke_20260328|artifacts/runs/telemetry/raw/ablation/hypercube/m3_17_advisor_reentry_bridge/m3_17_contract_smoke_20260328/m3_17_report.json|artifacts/runs/telemetry/raw/ablation/hypercube/m3_17_advisor_reentry_bridge/bridge_base_v1_small/m3_17_20260328_bridge_base_v1_small|artifacts/runs/telemetry/raw/ablation/hypercube/m3_17_advisor_reentry_bridge/bridge_base_v1_small/m3_17_20260328_bridge_base_v1_small/m3_17_report.json,M3.17 cell,,,
m.track.m3_17.d,m_telemetry,m_track,direct residual re-encoder,M3.17.D|D,M3.17.D,artifact,high,artifact_only,2026-03-28T15:09:15.724965+00:00,2026-03-28T18:32:12.249033+00:00,0.5,,,,0.0004268866032361984,,,,,,,,,,2,0,0,,,artifacts/runs/telemetry/raw/ablation/hypercube/m3_17_advisor_reentry_bridge/m3_17_contract_smoke_20260328|artifacts/runs/telemetry/raw/ablation/hypercube/m3_17_advisor_reentry_bridge/m3_17_contract_smoke_20260328/m3_17_report.json|artifacts/runs/telemetry/raw/ablation/hypercube/m3_17_advisor_reentry_bridge/bridge_base_v1_small/m3_17_20260328_bridge_base_v1_small|artifacts/runs/telemetry/raw/ablation/hypercube/m3_17_advisor_reentry_bridge/bridge_base_v1_small/m3_17_20260328_bridge_base_v1_small/m3_17_report.json,M3.17 cell,,,
m.track.m3_18.a,m_telemetry,m_track,control no advisor,M3.18.A|A,M3.18.A,artifact,high,runnable,2026-03-28T21:11:50.557303+00:00,2026-03-29T15:13:04.871763+00:00,0.5,,,,0.0,0.0,1.0,0.0,0.0,,,,,,7,0,0,,,artifacts/runs/telemetry/raw/ablation/hypercube/m3_19_d_mainline_grid/m3_19_grid_smoke_v2_20260329/D3/m3_19_grid_smoke_v2_20260329_d3|artifacts/runs/telemetry/raw/ablation/hypercube/m3_19_d_mainline_grid/m3_19_grid_smoke_v2_20260329/D3/m3_19_grid_smoke_v2_20260329_d3/m3_18_report.json|artifacts/runs/telemetry/raw/ablation/hypercube/m3_19_d_mainline_grid/m3_19_grid_smoke_v2_20260329/D2/m3_19_grid_smoke_v2_20260329_d2|artifacts/runs/telemetry/raw/ablation/hypercube/m3_19_d_mainline_grid/m3_19_grid_smoke_v2_20260329/D2/m3_19_grid_smoke_v2_20260329_d2/m3_18_report.json|artifacts/runs/telemetry/raw/ablation/hypercube/m3_19_d_mainline_grid/m3_19_grid_smoke_v2_20260329/D1/m3_19_grid_smoke_v2_20260329_d1|artifacts/runs/telemetry/raw/ablation/hypercube/m3_19_d_mainline_grid/m3_19_grid_smoke_v2_20260329/D1/m3_19_grid_smoke_v2_20260329_d1/m3_18_report.json|artifacts/runs/telemetry/raw/ablation/hypercube/m3_19_d_mainline_grid/m3_19_grid_smoke_v2_20260329/D0/m3_19_grid_smoke_v2_20260329_d0|artifacts/runs/telemetry/raw/ablation/hypercube/m3_19_d_mainline_grid/m3_19_grid_smoke_v2_20260329/D0/m3_19_grid_smoke_v2_20260329_d0/m3_18_report.json|artifacts/runs/telemetry/raw/ablation/hypercube/m3_18_decoder_reentry_resume/m3_18_d_sft_smoke_20260328|artifacts/runs/telemetry/raw/ablation/hypercube/m3_18_decoder_reentry_resume/m3_18_d_sft_smoke_20260328/m3_18_report.json|artifacts/runs/telemetry/raw/ablation/hypercube/m3_18_decoder_reentry_resume/m3_18_first_train_test_20260328|artifacts/runs/telemetry/raw/ablation/hypercube/m3_18_decoder_reentry_resume/m3_18_first_train_test_20260328/m3_18_report.json|artifacts/runs/telemetry/raw/ablation/hypercube/m3_18_decoder_reentry_resume/m3_18_resume_smoke_small_20260328|artifacts/runs/telemetry/raw/ablation/hypercube/m3_18_decoder_reentry_resume/m3_18_resume_smoke_small_20260328/m3_18_report.json,M3.18 cell,,,
m.track.m3_18.b,m_telemetry,m_track,frozen single return token,M3.18.B|B,M3.18.B,artifact,high,runnable,2026-03-28T21:11:50.557303+00:00,2026-03-29T15:13:04.871763+00:00,0.5,,,,-8.378815174102783,0.0,1.0,0.0,0.0,,,,,,7,0,0,,,artifacts/runs/telemetry/raw/ablation/hypercube/m3_19_d_mainline_grid/m3_19_grid_smoke_v2_20260329/D3/m3_19_grid_smoke_v2_20260329_d3|artifacts/runs/telemetry/raw/ablation/hypercube/m3_19_d_mainline_grid/m3_19_grid_smoke_v2_20260329/D3/m3_19_grid_smoke_v2_20260329_d3/m3_18_report.json|artifacts/runs/telemetry/raw/ablation/hypercube/m3_19_d_mainline_grid/m3_19_grid_smoke_v2_20260329/D2/m3_19_grid_smoke_v2_20260329_d2|artifacts/runs/telemetry/raw/ablation/hypercube/m3_19_d_mainline_grid/m3_19_grid_smoke_v2_20260329/D2/m3_19_grid_smoke_v2_20260329_d2/m3_18_report.json|artifacts/runs/telemetry/raw/ablation/hypercube/m3_19_d_mainline_grid/m3_19_grid_smoke_v2_20260329/D1/m3_19_grid_smoke_v2_20260329_d1|artifacts/runs/telemetry/raw/ablation/hypercube/m3_19_d_mainline_grid/m3_19_grid_smoke_v2_20260329/D1/m3_19_grid_smoke_v2_20260329_d1/m3_18_report.json|artifacts/runs/telemetry/raw/ablation/hypercube/m3_19_d_mainline_grid/m3_19_grid_smoke_v2_20260329/D0/m3_19_grid_smoke_v2_20260329_d0|artifacts/runs/telemetry/raw/ablation/hypercube/m3_19_d_mainline_grid/m3_19_grid_smoke_v2_20260329/D0/m3_19_grid_smoke_v2_20260329_d0/m3_18_report.json|artifacts/runs/telemetry/raw/ablation/hypercube/m3_18_decoder_reentry_resume/m3_18_d_sft_smoke_20260328|artifacts/runs/telemetry/raw/ablation/hypercube/m3_18_decoder_reentry_resume/m3_18_d_sft_smoke_20260328/m3_18_report.json|artifacts/runs/telemetry/raw/ablation/hypercube/m3_18_decoder_reentry_resume/m3_18_first_train_test_20260328|artifacts/runs/telemetry/raw/ablation/hypercube/m3_18_decoder_reentry_resume/m3_18_first_train_test_20260328/m3_18_report.json|artifacts/runs/telemetry/raw/ablation/hypercube/m3_18_decoder_reentry_resume/m3_18_resume_smoke_small_20260328|artifacts/runs/telemetry/raw/ablation/hypercube/m3_18_decoder_reentry_resume/m3_18_resume_smoke_small_20260328/m3_18_report.json,M3.18 cell,,,
m.track.m3_18.c,m_telemetry,m_track,frozen multi-return token bundle,M3.18.C|C,M3.18.C,artifact,high,runnable,2026-03-28T21:11:50.557303+00:00,2026-03-29T15:13:04.871763+00:00,0.5,,,,-8.69172477722168,0.0,0.85,0.0,1.0,,,,,,7,0,0,,,artifacts/runs/telemetry/raw/ablation/hypercube/m3_19_d_mainline_grid/m3_19_grid_smoke_v2_20260329/D3/m3_19_grid_smoke_v2_20260329_d3|artifacts/runs/telemetry/raw/ablation/hypercube/m3_19_d_mainline_grid/m3_19_grid_smoke_v2_20260329/D3/m3_19_grid_smoke_v2_20260329_d3/m3_18_report.json|artifacts/runs/telemetry/raw/ablation/hypercube/m3_19_d_mainline_grid/m3_19_grid_smoke_v2_20260329/D2/m3_19_grid_smoke_v2_20260329_d2|artifacts/runs/telemetry/raw/ablation/hypercube/m3_19_d_mainline_grid/m3_19_grid_smoke_v2_20260329/D2/m3_19_grid_smoke_v2_20260329_d2/m3_18_report.json|artifacts/runs/telemetry/raw/ablation/hypercube/m3_19_d_mainline_grid/m3_19_grid_smoke_v2_20260329/D1/m3_19_grid_smoke_v2_20260329_d1|artifacts/runs/telemetry/raw/ablation/hypercube/m3_19_d_mainline_grid/m3_19_grid_smoke_v2_20260329/D1/m3_19_grid_smoke_v2_20260329_d1/m3_18_report.json|artifacts/runs/telemetry/raw/ablation/hypercube/m3_19_d_mainline_grid/m3_19_grid_smoke_v2_20260329/D0/m3_19_grid_smoke_v2_20260329_d0|artifacts/runs/telemetry/raw/ablation/hypercube/m3_19_d_mainline_grid/m3_19_grid_smoke_v2_20260329/D0/m3_19_grid_smoke_v2_20260329_d0/m3_18_report.json|artifacts/runs/telemetry/raw/ablation/hypercube/m3_18_decoder_reentry_resume/m3_18_d_sft_smoke_20260328|artifacts/runs/telemetry/raw/ablation/hypercube/m3_18_decoder_reentry_resume/m3_18_d_sft_smoke_20260328/m3_18_report.json|artifacts/runs/telemetry/raw/ablation/hypercube/m3_18_decoder_reentry_resume/m3_18_first_train_test_20260328|artifacts/runs/telemetry/raw/ablation/hypercube/m3_18_decoder_reentry_resume/m3_18_first_train_test_20260328/m3_18_report.json|artifacts/runs/telemetry/raw/ablation/hypercube/m3_18_decoder_reentry_resume/m3_18_resume_smoke_small_20260328|artifacts/runs/telemetry/raw/ablation/hypercube/m3_18_decoder_reentry_resume/m3_18_resume_smoke_small_20260328/m3_18_report.json,M3.18 cell,,,
m.track.m3_18.d,m_telemetry,m_track,learned residual continuation vector,M3.18.D|D,M3.18.D,artifact,high,runnable,2026-03-28T21:11:50.557303+00:00,2026-03-29T15:13:04.871763+00:00,0.5,,,,5.964934825897217e-05,0.0,1.0,0.0,0.0,,,,,,7,0,0,,,artifacts/runs/telemetry/raw/ablation/hypercube/m3_19_d_mainline_grid/m3_19_grid_smoke_v2_20260329/D3/m3_19_grid_smoke_v2_20260329_d3|artifacts/runs/telemetry/raw/ablation/hypercube/m3_19_d_mainline_grid/m3_19_grid_smoke_v2_20260329/D3/m3_19_grid_smoke_v2_20260329_d3/m3_18_report.json|artifacts/runs/telemetry/raw/ablation/hypercube/m3_19_d_mainline_grid/m3_19_grid_smoke_v2_20260329/D2/m3_19_grid_smoke_v2_20260329_d2|artifacts/runs/telemetry/raw/ablation/hypercube/m3_19_d_mainline_grid/m3_19_grid_smoke_v2_20260329/D2/m3_19_grid_smoke_v2_20260329_d2/m3_18_report.json|artifacts/runs/telemetry/raw/ablation/hypercube/m3_19_d_mainline_grid/m3_19_grid_smoke_v2_20260329/D1/m3_19_grid_smoke_v2_20260329_d1|artifacts/runs/telemetry/raw/ablation/hypercube/m3_19_d_mainline_grid/m3_19_grid_smoke_v2_20260329/D1/m3_19_grid_smoke_v2_20260329_d1/m3_18_report.json|artifacts/runs/telemetry/raw/ablation/hypercube/m3_19_d_mainline_grid/m3_19_grid_smoke_v2_20260329/D0/m3_19_grid_smoke_v2_20260329_d0|artifacts/runs/telemetry/raw/ablation/hypercube/m3_19_d_mainline_grid/m3_19_grid_smoke_v2_20260329/D0/m3_19_grid_smoke_v2_20260329_d0/m3_18_report.json|artifacts/runs/telemetry/raw/ablation/hypercube/m3_18_decoder_reentry_resume/m3_18_d_sft_smoke_20260328|artifacts/runs/telemetry/raw/ablation/hypercube/m3_18_decoder_reentry_resume/m3_18_d_sft_smoke_20260328/m3_18_report.json|artifacts/runs/telemetry/raw/ablation/hypercube/m3_18_decoder_reentry_resume/m3_18_first_train_test_20260328|artifacts/runs/telemetry/raw/ablation/hypercube/m3_18_decoder_reentry_resume/m3_18_first_train_test_20260328/m3_18_report.json|artifacts/runs/telemetry/raw/ablation/hypercube/m3_18_decoder_reentry_resume/m3_18_resume_smoke_small_20260328|artifacts/runs/telemetry/raw/ablation/hypercube/m3_18_decoder_reentry_resume/m3_18_resume_smoke_small_20260328/m3_18_report.json,M3.18 cell,,,
m.track.m3_18.e,m_telemetry,m_track,hybrid token plus residual translator,M3.18.E|E,M3.18.E,artifact,high,runnable,2026-03-28T21:11:50.557303+00:00,2026-03-29T15:13:04.871763+00:00,0.5,,,,-8.879876732826233,0.0,0.85,0.0,1.0,,,,,,7,0,0,,,artifacts/runs/telemetry/raw/ablation/hypercube/m3_19_d_mainline_grid/m3_19_grid_smoke_v2_20260329/D3/m3_19_grid_smoke_v2_20260329_d3|artifacts/runs/telemetry/raw/ablation/hypercube/m3_19_d_mainline_grid/m3_19_grid_smoke_v2_20260329/D3/m3_19_grid_smoke_v2_20260329_d3/m3_18_report.json|artifacts/runs/telemetry/raw/ablation/hypercube/m3_19_d_mainline_grid/m3_19_grid_smoke_v2_20260329/D2/m3_19_grid_smoke_v2_20260329_d2|artifacts/runs/telemetry/raw/ablation/hypercube/m3_19_d_mainline_grid/m3_19_grid_smoke_v2_20260329/D2/m3_19_grid_smoke_v2_20260329_d2/m3_18_report.json|artifacts/runs/telemetry/raw/ablation/hypercube/m3_19_d_mainline_grid/m3_19_grid_smoke_v2_20260329/D1/m3_19_grid_smoke_v2_20260329_d1|artifacts/runs/telemetry/raw/ablation/hypercube/m3_19_d_mainline_grid/m3_19_grid_smoke_v2_20260329/D1/m3_19_grid_smoke_v2_20260329_d1/m3_18_report.json|artifacts/runs/telemetry/raw/ablation/hypercube/m3_19_d_mainline_grid/m3_19_grid_smoke_v2_20260329/D0/m3_19_grid_smoke_v2_20260329_d0|artifacts/runs/telemetry/raw/ablation/hypercube/m3_19_d_mainline_grid/m3_19_grid_smoke_v2_20260329/D0/m3_19_grid_smoke_v2_20260329_d0/m3_18_report.json|artifacts/runs/telemetry/raw/ablation/hypercube/m3_18_decoder_reentry_resume/m3_18_d_sft_smoke_20260328|artifacts/runs/telemetry/raw/ablation/hypercube/m3_18_decoder_reentry_resume/m3_18_d_sft_smoke_20260328/m3_18_report.json|artifacts/runs/telemetry/raw/ablation/hypercube/m3_18_decoder_reentry_resume/m3_18_first_train_test_20260328|artifacts/runs/telemetry/raw/ablation/hypercube/m3_18_decoder_reentry_resume/m3_18_first_train_test_20260328/m3_18_report.json|artifacts/runs/telemetry/raw/ablation/hypercube/m3_18_decoder_reentry_resume/m3_18_resume_smoke_small_20260328|artifacts/runs/telemetry/raw/ablation/hypercube/m3_18_decoder_reentry_resume/m3_18_resume_smoke_small_20260328/m3_18_report.json,M3.18 cell,,,
m.track.m3_19.d0,m_telemetry,m_track,M3.19 D0,M3.19.D0|D0,M3.19.D0,artifact,high,runnable,2026-03-29T15:07:46.223350+00:00,2026-03-29T15:07:46.223350+00:00,0.0,,,,1.0251998901367188e-05,0.0,1.0,0.0,0.0,,,,,,1,0,0,,,artifacts/runs/telemetry/raw/ablation/hypercube/m3_19_d_mainline_grid/m3_19_grid_smoke_v2_20260329|artifacts/runs/telemetry/raw/ablation/hypercube/m3_19_d_mainline_grid/m3_19_grid_smoke_v2_20260329/m3_19_grid_report.json,M3.19 cell,,,
m.track.m3_19.d1,m_telemetry,m_track,M3.19 D1,M3.19.D1|D1,M3.19.D1,artifact,high,runnable,2026-03-29T15:07:46.223350+00:00,2026-03-29T15:07:46.223350+00:00,0.0,,,,-2.1457672119140625e-06,0.0,1.0,0.0,0.0,,,,,,1,0,0,,,artifacts/runs/telemetry/raw/ablation/hypercube/m3_19_d_mainline_grid/m3_19_grid_smoke_v2_20260329|artifacts/runs/telemetry/raw/ablation/hypercube/m3_19_d_mainline_grid/m3_19_grid_smoke_v2_20260329/m3_19_grid_report.json,M3.19 cell,,,
m.track.m3_19.d2,m_telemetry,m_track,M3.19 D2,M3.19.D2|D2,M3.19.D2,artifact,high,runnable,2026-03-29T15:07:46.223350+00:00,2026-03-29T15:07:46.223350+00:00,0.0,,,,-2.1457672119140625e-06,0.0,1.0,0.0,0.0,,,,,,1,0,0,,,artifacts/runs/telemetry/raw/ablation/hypercube/m3_19_d_mainline_grid/m3_19_grid_smoke_v2_20260329|artifacts/runs/telemetry/raw/ablation/hypercube/m3_19_d_mainline_grid/m3_19_grid_smoke_v2_20260329/m3_19_grid_report.json,M3.19 cell,,,
m.track.m3_19.d3,m_telemetry,m_track,M3.19 D3,M3.19.D3|D3,M3.19.D3,artifact,high,runnable,2026-03-29T15:07:46.223350+00:00,2026-03-29T15:07:46.223350+00:00,0.0,,,,-2.1457672119140625e-06,0.0,1.0,0.0,0.0,,,,,,1,0,0,,,artifacts/runs/telemetry/raw/ablation/hypercube/m3_19_d_mainline_grid/m3_19_grid_smoke_v2_20260329|artifacts/runs/telemetry/raw/ablation/hypercube/m3_19_d_mainline_grid/m3_19_grid_smoke_v2_20260329/m3_19_grid_report.json,M3.19 cell,,,
m.track.m14.a,m_telemetry,m_track,scratchpad-only control,M14.A|A,M14.A,artifact,high,runnable,2026-03-29T21:52:03.579469+00:00,2026-03-29T21:54:03.328558+00:00,1.0,,,,0.0,0.0,1.0,0.0,0.0,0.0,,,,,2,0,0,,,artifacts/runs/telemetry/raw/ablation/hypercube/m14_symbiote_scratchpad/m14_symbiote_smoke_20260329|artifacts/runs/telemetry/raw/ablation/hypercube/m14_symbiote_scratchpad/m14_symbiote_smoke_20260329/m14_report.json|artifacts/runs/telemetry/raw/ablation/hypercube/m14_symbiote_scratchpad/m14_symbiote_smoke_eager_20260329|artifacts/runs/telemetry/raw/ablation/hypercube/m14_symbiote_scratchpad/m14_symbiote_smoke_eager_20260329/m14_report.json,M14 cell,,,
m.track.m14.b,m_telemetry,m_track,strict residual scratchpad,M14.B|B,M14.B,artifact,high,runnable,2026-03-29T21:52:03.579469+00:00,2026-03-29T21:54:03.328558+00:00,1.0,,,,-0.00014981627464294434,0.0,1.0,0.0,0.0,0.0,,,,,2,0,0,,,artifacts/runs/telemetry/raw/ablation/hypercube/m14_symbiote_scratchpad/m14_symbiote_smoke_20260329|artifacts/runs/telemetry/raw/ablation/hypercube/m14_symbiote_scratchpad/m14_symbiote_smoke_20260329/m14_report.json|artifacts/runs/telemetry/raw/ablation/hypercube/m14_symbiote_scratchpad/m14_symbiote_smoke_eager_20260329|artifacts/runs/telemetry/raw/ablation/hypercube/m14_symbiote_scratchpad/m14_symbiote_smoke_eager_20260329/m14_report.json,M14 cell,,,
m.track.m14.c,m_telemetry,m_track,relaxed residual scratchpad,M14.C|C,M14.C,artifact,high,runnable,2026-03-29T21:52:03.579469+00:00,2026-03-29T21:54:03.328558+00:00,1.0,,,,0.00026932358741760254,0.0,1.0,0.0,0.0,0.0,,,,,2,0,0,,,artifacts/runs/telemetry/raw/ablation/hypercube/m14_symbiote_scratchpad/m14_symbiote_smoke_20260329|artifacts/runs/telemetry/raw/ablation/hypercube/m14_symbiote_scratchpad/m14_symbiote_smoke_20260329/m14_report.json|artifacts/runs/telemetry/raw/ablation/hypercube/m14_symbiote_scratchpad/m14_symbiote_smoke_eager_20260329|artifacts/runs/telemetry/raw/ablation/hypercube/m14_symbiote_scratchpad/m14_symbiote_smoke_eager_20260329/m14_report.json,M14 cell,,,
m.track.m14.d,m_telemetry,m_track,severance-threshold residual scratchpad,M14.D|D,M14.D,artifact,high,runnable,2026-03-29T21:52:03.579469+00:00,2026-03-29T21:54:03.328558+00:00,1.0,,,,0.0002643465995788574,0.0,1.0,0.0,0.0,0.0,,,,,2,0,0,,,artifacts/runs/telemetry/raw/ablation/hypercube/m14_symbiote_scratchpad/m14_symbiote_smoke_20260329|artifacts/runs/telemetry/raw/ablation/hypercube/m14_symbiote_scratchpad/m14_symbiote_smoke_20260329/m14_report.json|artifacts/runs/telemetry/raw/ablation/hypercube/m14_symbiote_scratchpad/m14_symbiote_smoke_eager_20260329|artifacts/runs/telemetry/raw/ablation/hypercube/m14_symbiote_scratchpad/m14_symbiote_smoke_eager_20260329/m14_report.json,M14 cell,,,
m.track.m14.e,m_telemetry,m_track,token-only scratchpad baseline,M14.E|E,M14.E,artifact,high,runnable,2026-03-29T21:52:03.579469+00:00,2026-03-29T21:54:03.328558+00:00,1.0,,,,-0.0002815723419189453,0.0,1.0,0.0,0.0,0.0,,,,,2,0,0,,,artifacts/runs/telemetry/raw/ablation/hypercube/m14_symbiote_scratchpad/m14_symbiote_smoke_20260329|artifacts/runs/telemetry/raw/ablation/hypercube/m14_symbiote_scratchpad/m14_symbiote_smoke_20260329/m14_report.json|artifacts/runs/telemetry/raw/ablation/hypercube/m14_symbiote_scratchpad/m14_symbiote_smoke_eager_20260329|artifacts/runs/telemetry/raw/ablation/hypercube/m14_symbiote_scratchpad/m14_symbiote_smoke_eager_20260329/m14_report.json,M14 cell,,,
m.track.m3_13.a,m_telemetry,m_track,M3.13 A,M3.13.A|A,M3.13.A,artifact,high,artifact_only,m3_13_20260310_refactor_small,m3_13_20260310_refactor_small,,,,,,,,,,,,,,,1,0,0,,,artifacts/runs/telemetry/raw/ablation/hypercube/m3_13_relational_grid/refactor_clean_small/m3_13_20260310_refactor_small|artifacts/runs/telemetry/raw/ablation/hypercube/m3_13_relational_grid/refactor_clean_small/m3_13_20260310_refactor_small/m3_13_report.json,M3.13 cell,,,
m.track.m3_13.b,m_telemetry,m_track,M3.13 B,M3.13.B|B,M3.13.B,artifact,high,artifact_only,m3_13_20260310_refactor_small,m3_13_20260310_refactor_small,,,,,,,,,,,,,,,1,0,0,,,artifacts/runs/telemetry/raw/ablation/hypercube/m3_13_relational_grid/refactor_clean_small/m3_13_20260310_refactor_small|artifacts/runs/telemetry/raw/ablation/hypercube/m3_13_relational_grid/refactor_clean_small/m3_13_20260310_refactor_small/m3_13_report.json,M3.13 cell,,,
m.track.m3_13.c,m_telemetry,m_track,M3.13 C,M3.13.C|C,M3.13.C,artifact,high,artifact_only,m3_13_20260310_refactor_small,m3_13_20260310_refactor_small,,,,,,,,,,,,,,,1,0,0,,,artifacts/runs/telemetry/raw/ablation/hypercube/m3_13_relational_grid/refactor_clean_small/m3_13_20260310_refactor_small|artifacts/runs/telemetry/raw/ablation/hypercube/m3_13_relational_grid/refactor_clean_small/m3_13_20260310_refactor_small/m3_13_report.json,M3.13 cell,,,
m.track.m3_13.d,m_telemetry,m_track,M3.13 D,M3.13.D|D,M3.13.D,artifact,high,artifact_only,m3_13_20260310_refactor_small,m3_13_20260310_refactor_small,,,,,,,,,,,,,,,1,0,0,,,artifacts/runs/telemetry/raw/ablation/hypercube/m3_13_relational_grid/refactor_clean_small/m3_13_20260310_refactor_small|artifacts/runs/telemetry/raw/ablation/hypercube/m3_13_relational_grid/refactor_clean_small/m3_13_20260310_refactor_small/m3_13_report.json,M3.13 cell,,,
